rrs_order_id,order_no,order_date,client_code,total_amt,origin_center_code,destination_center_code,delivery_method,arrived_org_code,distc_origin_dest,distc_dest_org,system_time
15147d6b9b04780370d878cb9b9c706e,06a0740d13c73d911ab9616997beb7eb,2019/5/31 23:19,RRS18,1,RRSZX001,RRSZX001,2,rrs_wd_190,0,28,2019/6/1 0:02
e6b78ead3d096a199124f258d805912c,0d33e879da027f8186823757f941a210,2019/5/25 10:34,RRS18,2,RRSZX001,RRSZX001,2,rrs_wd_3557,0,40,2019/6/1 0:01
ec5386d3d3cc04229d17afba031d3128,15b02685928402b4faf441c589dbd6d8,2019/5/28 10:20,RRS18,1,RRSZX001,RRSZX001,2,rrs_wd_444,0,53,2019/6/1 0:01
a2709c1b5e4a75501eb98ea3f62bb051,01100c478b1e9ec8017d406bb41993b0,2019/5/31 20:36,RRS18,1,RRSZX001,RRSZX001,2,rrs_wd_513,0,32,2019/6/1 0:01
632e4297610816937b137627c6080f0d,10639890b5c51c1ada58349633cb2fe2,2019/5/26 7:40,RRS18,2,RRSZX001,RRSZX001,2,rrs_wd_5805,0,61,2019/6/1 0:01
0bd50648b93ac85f5e5943a5c6c61773,027d7b4fc0da49d9c2be745ad6b93da6,2019/5/31 21:08,RRS18,1,RRSZX001,RRSZX001,2,rrs_wd_6321,0,58,2019/6/1 0:01
931d53e97cffb286158b23ad60ce228f,1496e2b7a9d1359cefe097972033b2be,2019/5/31 21:02,RRS18,1,RRSZX001,RRSZX008,2,rrs_wd_217,243,11,2019/6/1 0:01
d26fefddcde09cb8b5e6492171b2d84d,140a4941f892aa65d5f4cd9643d5dfc3,2019/6/1 0:00,RRS18,1,RRSZX001,RRSZX010,2,rrs_wd_1841,664,446,2019/6/1 0:04
78fc0d9c755a0823a5f0bf7e6e471c8b,0ac29dfbe330fcaa0106f88db8c1d6d1,2019/5/31 20:51,RRS18,2,RRSZX001,RRSZX011,2,rrs_wd_6620,216,113,2019/6/1 0:01
f581c768d9fb617a221990af19109b93,00b8e9fc7dc0abb70cf5d94bf3cc3eb0,2019/5/31 20:49,RRS18,2,RRSZX001,RRSZX011,2,rrs_wd_6620,216,113,2019/6/1 0:01
0ad6c49221d955682798b560a217deba,0ba336c16dfb4870a46c00f530bec1ab,2019/6/1 0:00,RRS18,1,RRSZX001,RRSZX011,2,rrs_wd_6620,216,113,2019/6/1 0:03
e32edb5ab77ad1f2f330f218370054f4,083eef1595195d58cc749568d9190210,2019/5/31 18:46,RRS18,2,RRSZX001,RRSZX011,2,rrs_wd_7154,216,51,2019/6/1 0:01
7d4d578204a9a05c02645df4069eb831,0504a7e1a027a2257fb48f471549b1ed,2019/6/1 0:00,RRS18,1,RRSZX001,RRSZX012,2,rrs_wd_2426,501,200,2019/6/1 0:03
56934f4b02f31f95f49600e4c9958b85,15a599d3b256c8863bd25887583d9ec4,2019/6/1 0:00,RRS18,1,RRSZX001,RRSZX012,2,rrs_wd_4356,501,136,2019/6/1 0:04
6944cc8c86c4497f12c1c952d321cf73,06f795e0db202ea10cb512baec54e259,2019/6/1 0:00,RRS18,1,RRSZX001,RRSZX012,2,rrs_wd_6486,501,16,2019/6/1 0:02
f0a92a1c3b581400c170fabedeb88639,07f6fb147c3856f613b836b969b6d384,2019/5/28 16:31,RRS18,1,RRSZX001,RRSZX016,2,rrs_wd_7005,247,8,2019/6/1 0:01
a6810102a4e9f1422e0456d45c080dce,0a8b3ec22c25e39eca4f40f9a13a2a2d,2019/5/31 23:30,RRS18,1,RRSZX002,RRSZX002,2,rrs_wd_3544,0,81,2019/6/1 0:02
c127739fa22d7e4c03d6ec1365684b59,15f34b0171204a4a6e989b318a701f62,2019/5/31 23:57,RRS18,1,RRSZX002,RRSZX002,2,rrs_wd_487,0,140,2019/6/1 0:02
0300bf70f098b7b2c639bde2fbdc0405,077dd78652809eea9f1cd1d67c395a17,2019/5/25 19:44,RRS18,1,RRSZX002,RRSZX002,2,rrs_wd_5518,0,40,2019/6/1 0:01
2993609e08399b9f2645b9913604852e,0523c6b24fdc84a956e30be42062da0f,2019/6/1 0:01,RRS18,1,RRSZX002,RRSZX002,2,rrs_wd_6587,0,49,2019/6/1 0:04
84cdce692b4e0f63f4462bca0d959acb,0d014a96e9c926d4c8d79fe3f750a04b,2019/6/1 0:00,RRS18,2,RRSZX002,RRSZX005,2,rrs_wd_5493,109,84,2019/6/1 0:02
9f2e4fa0b7b3df190266a19a1b58c00b,09a02cf038e66e1862d31500d0af7c00,2019/6/1 0:00,RRS18,2,RRSZX002,RRSZX005,2,rrs_wd_6502,109,182,2019/6/1 0:04
b5391a474264fc2f6f512faddd831db4,0253ef3289c3418b39cdab0cc2db17c2,2019/5/23 0:19,RRS18,1,RRSZX002,RRSZX014,2,rrs_wd_1695,116,98,2019/6/1 0:01
451aa69e9ea65026b3d5f4518ce1311a,1af3ae25958e47068918e39429ada28f,2019/5/31 22:50,RRS18,1,RRSZX002,RRSZX014,2,rrs_wd_296,116,78,2019/6/1 0:02
155e3dd51bd907a79a9b4fcb54a87592,1003983fbf065cbe42e2626d61f807b0,2019/6/1 0:00,RRS18,1,RRSZX003,RRSZX003,2,rrs_wd_2102,0,37,2019/6/1 0:04
f2563fe5caad4bf4eaea1306c36c0148,074db7ddd31069da1f5ab53a45067d1c,2019/6/1 0:00,RRS18,1,RRSZX003,RRSZX003,2,rrs_wd_2102,0,37,2019/6/1 0:03
23e2ffa1a76b022446b37699071837b3,19d10d6bb1109e2c674ddb5b4eea0f06,2019/6/1 0:00,RRS18,2,RRSZX003,RRSZX003,2,rrs_wd_239,0,117,2019/6/1 0:03
dbde285a1ad69bd15be329db2ba37533,1462881be4b6176bb9164db5be744000,2019/6/1 0:00,RRS18,2,RRSZX003,RRSZX003,2,rrs_wd_3165,0,22,2019/6/1 0:03
3f2d5fb0e568c84376d41714e05ac1e6,064a0c4a68f9d46b9956cdbd2653806d,2019/6/1 0:00,RRS18,1,RRSZX003,RRSZX006,2,rrs_wd_214,168,86,2019/6/1 0:03
a970b392a51d09c6395503c7972d516d,04c3ed743ac0080461dd56d865e28d52,2019/6/1 0:00,RRS18,2,RRSZX003,RRSZX006,2,rrs_wd_460,168,166,2019/6/1 0:03
8f52b8b266a87f3be20e7f080e21b05a,043df8fe6ad2b10a23964cb1a87a7bce,2019/6/1 0:01,RRS18,2,RRSZX003,RRSZX006,2,rrs_wd_4912,168,46,2019/6/1 0:04
6267ffed108c8b6be4c989d458567abd,00e37cbb8299b5a75ddb29c53cca171a,2019/6/1 0:01,RRS18,2,RRSZX003,RRSZX006,2,rrs_wd_6601,168,36,2019/6/1 0:04
3273f165cd02c3b92440ae22bc0f2be4,07a04c8fec11805fa09229c6f7e2d56e,2019/5/29 2:48,RRS18,1,RRSZX003,RRSZX013,2,rrs_wd_080,173,48,2019/6/1 0:01
bdb0feb3d89e58d4a74c8a8ebb793483,056fdf0613660b31f01ca234dfc7655a,2019/5/31 22:37,RRS18,1,RRSZX003,RRSZX013,2,rrs_wd_3783,173,81,2019/6/1 0:02
15774b86fafc7296a2693dd3258b8ef6,080892d54902a0b38eaaba4930707898,2019/6/1 0:01,RRS18,1,RRSZX003,RRSZX013,2,rrs_wd_3783,173,81,2019/6/1 0:04
dbd8135654fa9cc7c81df7213dc9320f,10bb47720db3de96a46f217d895f7519,2019/5/31 21:47,RRS18,1,RRSZX004,RRSZX004,2,rrs_wd_224,0,108,2019/6/1 0:01
b0d01bd34753c1f86e86a8f386313745,0da95e604eb6091c4606722b008bf0c0,2019/5/30 12:45,RRS18,2,RRSZX004,RRSZX004,2,rrs_wd_2391,0,28,2019/6/1 0:01
752e6ad3f586e272e4f1fb32c7cf1751,0077557fbd968e765acb334d5bf46b8f,2019/5/28 10:05,RRS18,1,RRSZX004,RRSZX004,2,rrs_wd_2391,0,28,2019/6/1 0:01
508bff2b44cbb24f955866d96e213c85,0098f5bf3fc8c202cd8c7e8ea14b9fdf,2019/6/1 0:00,RRS18,1,RRSZX004,RRSZX004,2,rrs_wd_350,0,32,2019/6/1 0:04
85eb291c12936c3bdf54a8abf0d309b6,181f9851dffb0a69ac709ba26393513d,2019/5/31 20:21,RRS18,1,RRSZX004,RRSZX004,2,rrs_wd_3851,0,166,2019/6/1 0:01
6d73728f8c0f7c3f725635bdaec40fbe,14a6890ff4c94dbce41e6f27c6a430d2,2019/6/1 0:00,RRS18,1,RRSZX004,RRSZX004,2,rrs_wd_7245,0,55,2019/6/1 0:03
fff2b6c7b1e027fc691697d3be4afd2c,12a58a3e550d02e6d8b878d424f6dec9,2019/6/1 0:00,RRS18,2,RRSZX004,RRSZX007,2,rrs_wd_220,355,104,2019/6/1 0:04
7562f82057526e81a0395a0472f59b7b,0866e10eca07907316b5d4116a1f452a,2019/6/1 0:01,RRS18,1,RRSZX004,RRSZX007,2,rrs_wd_5290,355,100,2019/6/1 0:04
04960d24a759a21951010d2907b9f8a0,09b809b737f5c9162c6d51b473499771,2019/6/1 0:00,RRS18,1,RRSZX004,RRSZX009,2,rrs_wd_4075,255,151,2019/6/1 0:02
e81c665078fac420ab690b855ebfa461,05fbc46b7748f0be3f315934abb18447,2019/6/1 0:01,RRS18,2,RRSZX020,RRSZX020,2,rrs_wd_1012,0,84,2019/6/1 0:04
a2342b0a0b6bb45f0bbda939475de5c1,000065e57e1c3e6b26693820b1fbd49d,2019/5/9 0:24,RRS18,1,RRSZX020,RRSZX020,2,rrs_wd_5767,0,32,2019/6/1 0:00
cd3b4bd7fb686d0ca2a9e2d28023c19e,18e15af6aa742c0cde9a7762711505cd,2019/6/1 0:00,RRS18,2,RRSZX020,RRSZX020,2,rrs_wd_5767,0,32,2019/6/1 0:04
77b9d772691abe9d15c00f57317d9684,09ab050b9405da65af68057598a8600b,2019/6/1 0:00,RRS18,1,RRSZX020,RRSZX020,2,rrs_wd_6892,0,249,2019/6/1 0:04
4eb45cd7851c1f2d8ff2d138e9cb7cb8,0dc56aa79be3cc6da937c05f743eea24,2019/6/1 0:00,RRS18,1,RRSZX020,RRSZX020,2,rrs_wd_7368,0,260,2019/6/1 0:02
2af481527e8496080372a10c63985a92,139b088d5c60c8633ea7379143cc3c66,2019/6/1 0:00,RRS18,1,RRSZX020,RRSZX020,2,rrs_wd_7368,0,260,2019/6/1 0:02
e1bd3816b53355b7cf0a806ce0f3cc48,00e2f1bf8c7d2614be0e5bef5ac7d9ea,2019/5/31 19:46,RRS18,1,RRSZX022,RRSZX022,2,rrs_wd_5496,0,95,2019/6/1 0:01
b8864ee7caf36eb09b1668eae0344295,01c09b259cf927832c75ab9037ba122a,2019/6/1 0:00,RRS18,1,RRSZX022,RRSZX028,2,rrs_wd_3916,339,68,2019/6/1 0:03
cc89ffd3d1e55401f94609a44b9a220c,084798804559be758316e0ba6a496428,2019/5/31 23:24,RRS18,1,RRSZX022,RRSZX028,2,rrs_wd_814,339,100,2019/6/1 0:01
1bec94d7e16272f9f6a7b1e20685d200,13bcdf3853386538f70c1e59a8b7c6a9,2019/5/31 23:17,RRS18,1,RRSZX026,RRSZX026,2,rrs_wd_5820,0,98,2019/6/1 0:02
e015bfac73057e5a47bb6d9042124db6,0e4c0373f2d14a18628cc925caff4b2f,2019/5/31 23:29,RRS18,1,RRSZX026,RRSZX026,2,rrs_wd_5820,0,98,2019/6/1 0:02
552576c4440df66db133b5e6ddf6b766,0b1cf26f9b2f7932ac7926dfc4fc4502,2019/6/1 0:00,RRS18,1,RRSZX026,RRSZX026,2,rrs_wd_6252,0,30,2019/6/1 0:02
23a91800c78365fe4fbff8049da8e68c,1ac44e10badf565dea9df04b64f2f165,2019/5/31 23:03,RRS18,1,RRSZX028,RRSZX028,2,rrs_wd_3916,0,68,2019/6/1 0:02
61f2d90225cd233faeaf3f911e2f592f,193f2c024686e465857aaefab701c689,2019/5/31 23:45,RRS18,1,RRSZX028,RRSZX028,2,rrs_wd_3916,0,68,2019/6/1 0:02
95da72d6b2ef97ce8a0db82509bef067,110d909f527e0f664b65dcc54ca73e3a,2019/6/1 0:00,RRS18,1,RRSZX028,RRSZX028,2,rrs_wd_4564,0,42,2019/6/1 0:04
3a98ba4bcc73651067e368be8a99ef81,0b995a3574f4b597850118d466871b0d,2019/5/30 13:11,RRS18,1,RRSZX028,RRSZX028,2,rrs_wd_5631,0,35,2019/6/1 0:01
85edf3dc781df3b520b34b390450d4ef,124e1d64db0ac1596d95ae341d35b378,2019/5/30 13:11,RRS18,1,RRSZX028,RRSZX028,2,rrs_wd_5631,0,35,2019/6/1 0:01
13aff764fe3a4b5106865280f01ac761,1715240cb574312ea73d1f0f91c8b6eb,2019/5/31 20:35,RRS18,1,RRSZX028,RRSZX028,2,rrs_wd_6992,0,118,2019/6/1 0:01
834a833e54b502eff307b7c025e5198c,17c3af741ead7d934dde04a23793c906,2019/5/30 0:00,RRS18,1,RRSZX031,RRSZX020,2,rrs_wd_574,888,222,2019/6/1 0:00
2a9ee56760397cd7bb48c27d1232b238,03d53fcab061bf8e335d6f211d9d34a1,2019/5/31 19:00,RRS18,1,RRSZX031,RRSZX022,2,rrs_wd_6522,188,24,2019/6/1 0:01
db00bd30e6745be8e0ebcc32b4b92792,1ae80f843277ec26e576d48b29722172,2019/6/1 0:00,RRS18,1,RRSZX031,RRSZX023,2,rrs_wd_4336,598,217,2019/6/1 0:03
7d8043f7cd97c4d494a874780cf14167,06b7503ee4c42847bf78755482ef00ed,2019/5/31 23:39,RRS18,1,RRSZX031,RRSZX023,2,rrs_wd_5821,598,59,2019/6/1 0:02
6df15e8aba45e3279777fa7ffd00a89d,15cab3a6b1078f8b31e9e7c305356866,2019/5/31 23:38,RRS18,1,RRSZX031,RRSZX023,2,rrs_wd_5821,598,59,2019/6/1 0:02
2619e3e0988efb19608704ab4ce22a1f,08670c487634df09fadfed8fb1d62918,2019/5/31 20:33,RRS18,1,RRSZX031,RRSZX023,2,rrs_wd_7112,598,171,2019/6/1 0:01
8c323cc4740a5a5f9c7bae2f09c27f21,042fdf339a06c41f04a9d82aa732bb33,2019/5/31 22:03,RRS18,1,RRSZX031,RRSZX026,2,rrs_wd_4624,332,140,2019/6/1 0:02
515af2710dabacdac6b463de884b174c,19b664eb56dd1093db342eaf4b31ddd3,2019/5/30 10:00,RRS18,1,RRSZX031,RRSZX026,2,rrs_wd_5820,332,98,2019/6/1 0:01
78c90554512db72823e530cbec1f3c78,0ba246b4c83055c64d81cc4fd3ec2404,2019/6/1 0:01,RRS18,1,RRSZX031,RRSZX026,2,rrs_wd_818,332,100,2019/6/1 0:04
e04119f53027c8a78a224b81fb282a7c,0ef0c4e1f1b93d5efbc740333ef4a2ba,2019/6/1 0:01,RRS18,1,RRSZX031,RRSZX026,2,rrs_wd_818,332,100,2019/6/1 0:04
03a154112001a4e74675c06cdd81a2b0,005648d52a8b8892d7effa10148dee61,2019/5/31 20:16,RRS18,1,RRSZX031,RRSZX028,2,rrs_wd_6992,453,118,2019/6/1 0:01
2d6b97d05a191060c2b9912b267c8dce,0e3b96cbcdcf728ad6eb726ee19311aa,2019/6/1 0:00,RRS18,2,RRSZX031,RRSZX028,2,rrs_wd_814,453,100,2019/6/1 0:04
8eacaac2991633bf43bb1c41a28cdefd,12779a4fea7552ccd0cf452820f35dc7,2019/5/31 21:11,RRS18,1,RRSZX031,RRSZX030,2,rrs_wd_5469,580,4,2019/6/1 0:01
a09b36ddb5206c34d69e25fb29848b1b,081b7ac9cde7e8246b5c52892ce87561,2019/5/31 22:12,RRS18,1,RRSZX031,RRSZX031,2,rrs_wd_3074,0,154,2019/6/1 0:02
5dfa03ef17ffb52446cad236a7907efa,024f3bb1f5ba84785774e644e3e835fe,2019/5/31 22:01,RRS18,1,RRSZX031,RRSZX031,2,rrs_wd_4569,0,220,2019/6/1 0:02
203db902c7db8b87d7018acf09adc241,066354f15794dd8b9d35809159b4431c,2019/5/31 21:27,RRS18,1,RRSZX031,RRSZX031,2,rrs_wd_5892,0,79,2019/6/1 0:01
dc28d3df79ee5332f38f72c17ecff7d0,00953a05f932252fafcc6de4f03814b8,2019/6/1 0:00,RRS18,1,RRSZX031,RRSZX031,2,rrs_wd_6344,0,122,2019/6/1 0:03
d7cefd0ccc931ec0988fd59371eba1d8,025e95abe1cfc9db4cee7e8a293208ae,2019/5/31 19:25,RRS18,1,RRSZX031,RRSZX031,2,rrs_wd_6708,0,122,2019/6/1 0:01
ccd09a59435488e3d4df7ad20a99bff5,121b79ebf46d93ed00cea5c1de60ca4a,2019/5/31 19:23,RRS18,1,RRSZX031,RRSZX031,2,rrs_wd_6781,0,191,2019/6/1 0:01
e5fe8d204c23e1437fddba39743ec781,03314e5530a418b3568e9d4688c7bf21,2019/6/1 0:00,RRS18,1,RRSZX031,RRSZX031,2,rrs_wd_722,0,128,2019/6/1 0:03
2aac3414529cdca553be7f245c1e7776,15bada438ca81588772f6dc72c51b8c7,2019/5/31 21:48,RRS18,1,RRSZX031,RRSZX034,2,rrs_wd_7672,92,23,2019/6/1 0:02
46b93d721e2699c11e445163579a03de,0f79904c324ea2d307f2115c0f723d7e,2019/5/31 23:02,RRS18,1,RRSZX031,RRSZX034,2,rrs_wd_7672,92,23,2019/6/1 0:02
7917637c305f25f6ae810ce8fb69e11f,19b0fbd69b90a77c4ee36804626c077d,2019/6/1 0:00,RRS18,1,RRSZX031,RRSZX034,2,rrs_wd_7672,92,23,2019/6/1 0:04
043654111d09801a61c58359b51cab32,072a721e708447af04e0def9252e692d,2019/6/1 0:00,RRS18,1,RRSZX031,RRSZX034,2,rrs_wd_7695,92,29,2019/6/1 0:02
1d8be81ca4af01de70799547a264eb8d,108c8b625e13a122ca328298014cea6a,2019/6/1 0:01,RRS18,1,RRSZX031,RRSZX034,2,rrs_wd_7695,92,29,2019/6/1 0:04
501f3b5d30355c68c4e03836fdead61d,12817b7776e5e4f5fc89d25ea748b239,2019/6/1 0:00,RRS18,2,RRSZX031,RRSZX034,2,rrs_wd_860,92,28,2019/6/1 0:04
b422f866c1241b012f6b0f1456818b1c,0343de40441006d93b86d0fc8007a565,2019/6/1 0:01,RRS18,1,RRSZX033,RRSZX021,2,rrs_wd_2842,40,201,2019/6/1 0:04
169b4a5cc45609525e133a449a23b18c,0dfb5bf826999ebe4ed9e3c70c3313cd,2019/6/1 0:00,RRS18,1,RRSZX033,RRSZX021,2,rrs_wd_3215,40,187,2019/6/1 0:04
c9c774c735d04206405a2a5ff03df153,0d36f56b766e7b234069e5793e920045,2019/6/1 0:01,RRS18,1,RRSZX033,RRSZX030,2,rrs_wd_1917,200,62,2019/6/1 0:04
539e2fe967091ce72705ba5617c5870f,1485402dd9072c605a8f1dd2e93df753,2019/6/1 0:00,RRS18,1,RRSZX038,RRSZX036,2,rrs_wd_3247,54,58,2019/6/1 0:02
6b1d726e67ebc1b2787e6801691debd8,184c38a55a59454fcce96fb175b33ea9,2019/5/28 14:21,RRS18,1,RRSZX038,RRSZX038,2,rrs_wd_3635,0,56,2019/6/1 0:01
4fc4025ad020497b88af424ffc105542,158392116198dfb2acbb6ae01024ca31,2019/5/27 13:04,RRS18,1,RRSZX038,RRSZX038,2,rrs_wd_3635,0,56,2019/6/1 0:01
a6a58e914401a454595dba01737718ab,09d62fbfed94079208d7c83a8008b256,2019/5/31 23:49,RRS18,1,RRSZX038,RRSZX038,2,rrs_wd_5482,0,59,2019/6/1 0:02
b06a211686286433f6da3dc0c2c17ed8,1561e29a87e5a88d1e94d2ff391c8f44,2019/6/1 0:00,RRS18,2,RRSZX038,RRSZX038,2,rrs_wd_5482,0,59,2019/6/1 0:04
330ce28904272036efa9c4f8f1d87904,170838fe76545cfa1616a32e61e173ca,2019/5/31 23:49,RRS18,1,RRSZX038,RRSZX038,2,rrs_wd_5482,0,59,2019/6/1 0:02
14027405dfff3eea369970eb51abbbdf,19e24b0bfe1a38c9c9785efb0a452d4d,2019/5/31 20:56,RRS18,1,RRSZX038,RRSZX038,2,rrs_wd_6786,0,20,2019/6/1 0:01
7b518bceb3a9ba21b1377f846c2b7182,0e9e873dd1965d330a849a5a5d553d5f,2019/5/13 1:40,RRS18,2,RRSZX039,RRSZX039,2,rrs_wd_4660,0,130,2019/6/1 0:00
df9fac67cee3c1df349e15c8384f59cb,064da8dde9ecced3f2a9d9da4b5124d2,2019/5/31 23:31,RRS18,1,RRSZX040,RRSZX040,2,rrs_wd_1682,0,78,2019/6/1 0:02
f2a96abed8534383e5f86de156ced8b7,0812f9ff42a7dd314fc7881e2e79f9cf,2019/5/31 21:42,RRS18,1,RRSZX040,RRSZX040,2,rrs_wd_2172,0,60,2019/6/1 0:01
a3cecfd10314d34f00fd8cdb05d2460e,1040f7f7766e9330fa35c2308c3a52dc,2019/6/1 0:00,RRS18,2,RRSZX040,RRSZX040,2,rrs_wd_2861,0,38,2019/6/1 0:04
afb2234fc7b65fe41f2a9e34ccafffc9,0f3e8445a09be7238c06a87f2a7f07b2,2019/5/20 0:11,RRS18,1,RRSZX040,RRSZX040,2,rrs_wd_3462,0,56,2019/6/1 0:01
9c01350804c2e2dac4dfc94eb8ab09b2,0b7ceedd22c1b4dabc3039c4400ef30d,2019/5/31 21:22,RRS18,1,RRSZX040,RRSZX040,2,rrs_wd_4517,0,1,2019/6/1 0:01
fc992c45bb287cca2098ad68295bf47b,01f0b55b023196489b55b6c150a66f5b,2019/5/28 21:16,RRS18,1,RRSZX040,RRSZX040,2,rrs_wd_6980,0,62,2019/6/1 0:01
883d465d3563cb9bed2c2cb0f2a54a0f,0a930baca5f46103bf9332921263837f,2019/6/1 0:00,RRS18,1,RRSZX041,RRSZX041,2,rrs_wd_236,0,139,2019/6/1 0:03
27e0c596aa623c67ff245adee74c44f2,12237bb713c0336c513c081db7309eaa,2019/6/1 0:00,RRS18,1,RRSZX041,RRSZX041,2,rrs_wd_3593,0,236,2019/6/1 0:03
524b2100a6b181915a51f4ff93a811ff,173177f017c8395099ddf3fe214c6fce,2019/6/1 0:00,RRS18,1,RRSZX041,RRSZX041,2,rrs_wd_5587,0,217,2019/6/1 0:04
6c53697a559b5b474dc2f331c3fde2ef,11b9869557c1eb2a6ad0d4d2e8ef916c,2019/5/21 6:52,RRS18,2,RRSZX041,RRSZX041,2,rrs_wd_5661,0,39,2019/6/1 0:01
3e10c30a4f605c91dbbaf44912341b4a,03ec2f02c3c5232cd37ef2c6ad211a60,2019/5/31 23:36,RRS18,1,RRSZX041,RRSZX041,2,rrs_wd_6319,0,32,2019/6/1 0:02
aba5122da7d76fa583a784346e75a8c6,0dfe9f932bc02ecd89493862aa418793,2019/6/1 0:00,RRS18,2,RRSZX041,RRSZX041,2,rrs_wd_6582,0,128,2019/6/1 0:03
3b72a4717d5a42d57e825bc28c954dd0,0899049783f22983bbc7d40f07a98f81,2019/6/1 0:00,RRS18,1,RRSZX041,RRSZX041,2,rrs_wd_6815,0,186,2019/6/1 0:04
edcfb7584667f78eddcdf6ec5d9cf15d,0b93794736ee8c2d97046fda0475117b,2019/5/21 9:20,RRS18,2,RRSZX041,RRSZX047,2,rrs_wd_1059,218,111,2019/6/1 0:01
97642233219dffe0822f5684d826f361,17c56ab7b00bf6a2ee78d80118485352,2019/6/1 0:00,RRS18,1,RRSZX041,RRSZX047,2,rrs_wd_5868,218,196,2019/6/1 0:02
2b80ce9b42b7540d0177713b860b4a53,1062e3d1d470720db6993845e8ebda90,2019/6/1 0:00,RRS18,1,RRSZX042,RRSZX040,2,rrs_wd_4517,132,1,2019/6/1 0:04
74c6b562eb59f0d2624347f0f37bea18,02014419a0742a67d9a4c4fb099b7065,2019/5/28 12:16,RRS18,1,RRSZX042,RRSZX040,2,rrs_wd_5862,132,82,2019/6/1 0:01
0f868d4fb8ff54a7626a3e9f898e940d,153f5aabd736e41e46d8e7608673111d,2019/5/22 10:57,RRS18,1,RRSZX042,RRSZX041,2,rrs_wd_236,294,139,2019/6/1 0:01
e04b960fc93aba5acdb2b4384f5219c3,0708194e967762bb1cd87a8680bdc9cd,2019/6/1 0:01,RRS18,2,RRSZX042,RRSZX041,2,rrs_wd_6815,294,186,2019/6/1 0:04
14efa7b2c441d4072cd7193d8aac982c,0de0f511c79d9c4bbbf2903ac295d9d9,2019/6/1 0:00,RRS18,1,RRSZX042,RRSZX042,2,rrs_wd_4338,0,93,2019/6/1 0:03
c058f9cc91d1cfef651527d9e58d144a,1a11366143532cf127b549e30b9f4d2d,2019/6/1 0:00,RRS18,2,RRSZX042,RRSZX042,2,rrs_wd_4338,0,93,2019/6/1 0:03
6d3cfc1276e638d0910d0249946ff048,0c1a305ce890accb7df05e7e93028596,2019/5/31 19:19,RRS18,1,RRSZX042,RRSZX042,2,rrs_wd_4338,0,93,2019/6/1 0:01
856164f9d0c43701bfa2fc7f386de8f8,0dbe8530d6b64880710c39904fcc6525,2019/5/6 22:43,RRS18,1,RRSZX042,RRSZX042,2,rrs_wd_5142,0,106,2019/6/1 0:00
14966d183532d0d948b04ff37000a60d,1383d7781a89fc7d8667c92c1f21042b,2019/6/1 0:00,RRS18,2,RRSZX042,RRSZX042,2,rrs_wd_5236,0,79,2019/6/1 0:04
80682d4efaf5e3ad1a6552cdf6ff3463,13e0e23be26f68411ba89721cdd8f3d3,2019/6/1 0:00,RRS18,2,RRSZX042,RRSZX042,2,rrs_wd_5239,0,46,2019/6/1 0:03
2371d24d6f01d8d453c8bf105ee3749a,121b4061fa95440638076c3834b9c789,2019/5/25 13:37,RRS18,2,RRSZX042,RRSZX042,2,rrs_wd_5254,0,23,2019/6/1 0:01
44e608295289772f6d3793fc4768ea58,1b08e65ba1964b24e3dd88fa49f7ca8b,2019/6/1 0:00,RRS18,1,RRSZX042,RRSZX042,2,rrs_wd_5434,0,87,2019/6/1 0:04
731f79262dca3b11a8b900a6e2cc6754,14168f80ebede75946ea67374e7b653c,2019/6/1 0:00,RRS18,1,RRSZX042,RRSZX042,2,rrs_wd_6159,0,37,2019/6/1 0:03
0bc74f6e7bc041a377dbc0cf4f78aabd,158253c044c7b47c20abe7322ba03e2d,2019/5/29 15:22,RRS18,2,RRSZX042,RRSZX042,2,rrs_wd_6476,0,84,2019/6/1 0:01
b32361e619137c4c985a643d5c3577a1,06da4fa4bc964ea8db260a49668ac83e,2019/5/20 14:59,RRS18,1,RRSZX042,RRSZX042,2,rrs_wd_6996,0,37,2019/6/1 0:01
43185f9cb783f7bb3879a59d98cf3bf0,0deabc3bb44b51151a440195993fe5ca,2019/5/31 14:31,RRS18,1,RRSZX042,RRSZX042,2,rrs_wd_7017,0,115,2019/6/1 0:01
103700e8c04db0bcf4079aab43be6ba9,198bf6734e2700314c867f1f2275e894,2019/6/1 0:00,RRS18,1,RRSZX042,RRSZX044,2,rrs_wd_4497,209,74,2019/6/1 0:03
d6d2718f2ba4d9749183c775749f5f4d,18090cbc70383e07ccf8d11b83b6d736,2019/5/31 20:52,RRS18,1,RRSZX042,RRSZX044,2,rrs_wd_4497,209,74,2019/6/1 0:01
98f253c26f448d81081267b6f9cd72be,17ee596828c783524af190a672093241,2019/6/1 0:00,RRS18,1,RRSZX042,RRSZX044,2,rrs_wd_5525,209,77,2019/6/1 0:03
a2729d0f607191e118b752ae0566385f,13807a446e72064e21e4d6f901bc99e1,2019/5/22 9:35,RRS18,2,RRSZX042,RRSZX044,2,rrs_wd_5783,209,146,2019/6/1 0:01
f35f4d4e2c4904fdc793c1298405cc23,143fdb7d9f9adf677637dfef8095a02d,2019/5/31 19:38,RRS18,1,RRSZX042,RRSZX044,2,rrs_wd_870,209,122,2019/6/1 0:01
47fbb3c9e4fd828b4b09d147bee98cdb,1810fe6fad2d44a7b0da1d8d3121be7f,2019/5/22 9:41,RRS18,2,RRSZX042,RRSZX046,2,rrs_wd_3210,602,178,2019/6/1 0:00
2a69761c793697b2299b520593645ed6,14718b9a46498932043d10aab778e0b3,2019/6/1 0:01,RRS18,1,RRSZX042,RRSZX047,2,rrs_wd_800,468,82,2019/6/1 0:04
1e9d3702b1bddebff864ef51298cc7e9,1868a2fe43195406766962c736be4e7c,2019/5/22 9:35,RRS18,2,RRSZX042,RRSZX048,2,rrs_wd_2083,482,21,2019/6/1 0:00
eb5023fd2faaab953b42dcd440412737,121d8042752d8a1cf2c784bbb9a3cc59,2019/6/1 0:00,RRS18,1,RRSZX042,RRSZX049,2,rrs_wd_2235,186,14,2019/6/1 0:02
8cd90feedef5bee803e93cea86a8f2e7,17aafd7c869bbaee0ae2a606c2dc0283,2019/6/1 0:01,RRS18,1,RRSZX042,RRSZX049,2,rrs_wd_2443,186,89,2019/6/1 0:04
bd46a6a8dc642d287fb81171f1d5fcb3,0026016c494a09a50ae8a298aec66749,2019/6/1 0:00,RRS18,2,RRSZX042,RRSZX049,2,rrs_wd_4020,186,64,2019/6/1 0:03
9ef44afac9d68733ca094a3e54a19ca4,0262d4b726268b4ae11d26f60324c331,2019/5/31 22:18,RRS18,1,RRSZX042,RRSZX049,2,rrs_wd_4148,186,69,2019/6/1 0:02
c0d6b8f57085bd75b2bfb9559b8c7e39,0249aaeee5c5ed7c0d6ba2729a26dd54,2019/5/22 9:38,RRS18,2,RRSZX042,RRSZX049,2,rrs_wd_5385,186,87,2019/6/1 0:00
784f5a20ebecbb6f3413593041f1e8d1,08b1bc64b9265c094aee2d66c5a83e7c,2019/6/1 0:00,RRS18,1,RRSZX042,RRSZX050,2,rrs_wd_254,285,181,2019/6/1 0:04
d72a41d8dc240914b170d93b33916c4b,0415551a8c0c5adafcd28bae831d9fee,2019/6/1 0:00,RRS18,2,RRSZX042,RRSZX050,2,rrs_wd_5934,285,227,2019/6/1 0:03
b4acf4450ea091f5332eba10a1a452fb,088edcefee7728d6578fe8ca89f9d3c9,2019/6/1 0:00,RRS18,1,RRSZX042,RRSZX050,2,rrs_wd_6331,285,185,2019/6/1 0:02
e40fed1a72328e65ede1d67b41ffacb4,0f19fdc04b21050d928bd67416a4965c,2019/6/1 0:01,RRS18,1,RRSZX042,RRSZX050,2,rrs_wd_6597,285,35,2019/6/1 0:04
49058abf8216539fde89efa7eff2f254,16b1a9475e61820cabd6a6df465d0435,2019/6/1 0:00,RRS18,1,RRSZX042,RRSZX050,2,rrs_wd_7150,285,107,2019/6/1 0:03
57cef87b97e4907ed683f79cedfe7319,17a4d93dff3c5b1ae55134bbbff96cb9,2019/6/1 0:00,RRS18,1,RRSZX042,RRSZX052,2,rrs_wd_3983,265,59,2019/6/1 0:03
22cb5559aa34f57d163702c614795796,0eb0ddd67b3613c51c08b6cdedb9bf3d,2019/6/1 0:01,RRS18,1,RRSZX043,RRSZX043,2,rrs_wd_2203,0,93,2019/6/1 0:04
1e755f6b503b1f55b1d752aa24b3b111,0b453969e69ae775b0fad8f492d0e239,2019/6/1 0:01,RRS18,1,RRSZX043,RRSZX043,2,rrs_wd_2226,0,145,2019/6/1 0:04
76d252bb6d6468a16fbeec03393be045,15c5d94271df599fbe9f3357d5a3b52c,2019/6/1 0:00,RRS18,1,RRSZX043,RRSZX043,2,rrs_wd_3433,0,204,2019/6/1 0:02
d73e2882034357e54ae9a6c6a904486b,0a90f6312cdc15c201b5ff73560939cc,2019/6/1 0:00,RRS18,2,RRSZX043,RRSZX043,2,rrs_wd_3666,0,166,2019/6/1 0:03
48e24de9f04ec05fa280ced1624f9569,009d951f5ce13243bf46bf68b5929026,2019/6/1 0:00,RRS18,2,RRSZX043,RRSZX043,2,rrs_wd_3666,0,166,2019/6/1 0:03
c6d5f649a780b56a677173fa92d31a65,0b31174792604a22a54971a16f80bdda,2019/6/1 0:01,RRS18,2,RRSZX043,RRSZX043,2,rrs_wd_4279,0,254,2019/6/1 0:04
eb54d340167db9ff3a8cc67646272b7f,11bb76689a5917e78f890cf498fab488,2019/5/31 22:23,RRS18,1,RRSZX043,RRSZX043,2,rrs_wd_5547,0,130,2019/6/1 0:02
91aabd643fe3bf782c11b06fa0a7f97b,08f2fccc036a8874b9f0d8764a2c4ebc,2019/6/1 0:00,RRS18,2,RRSZX043,RRSZX043,2,rrs_wd_7099,0,36,2019/6/1 0:03
4519ecb7ca1e2bb9bd80f5f2079f2e76,1975ecbf6cac6a8fa38ecf447e677333,2019/5/31 19:25,RRS18,1,RRSZX043,RRSZX048,2,rrs_wd_5123,171,159,2019/6/1 0:01
598ff8138935b5c65c2a6b162bc5a6f5,09adfe43cad5f457ece942b90f45da83,2019/6/1 0:01,RRS18,1,RRSZX043,RRSZX048,2,rrs_wd_654,171,160,2019/6/1 0:04
e6e904a968f914e0b0a8d74cd2e7326d,181b6fdfd28ddad5dfc28e9958e7d992,2019/6/1 0:00,RRS18,1,RRSZX043,RRSZX048,2,rrs_wd_6729,171,90,2019/6/1 0:04
e31fde9327059d40438d69e582b10a8c,13d865b15dcd6ac568d391633bec8f27,2019/6/1 0:00,RRS18,2,RRSZX043,RRSZX048,2,rrs_wd_927,171,137,2019/6/1 0:02
d97badd809d63a2598f5eb6e1916de78,1702ef949dc9f18263cc8e6e0f7d575a,2019/6/1 0:00,RRS18,2,RRSZX043,RRSZX051,2,rrs_wd_1994,237,82,2019/6/1 0:04
59f01468bb3d7a81db54b92a55ae7e89,1029241d5f700821a24cbc26077fea15,2019/6/1 0:00,RRS18,2,RRSZX043,RRSZX051,2,rrs_wd_2880,237,10,2019/6/1 0:03
c66cd1ad4f641e2ee3a6197fb865bac9,1160e85969cb7f7d8dbed30522d96fce,2019/5/31 23:57,RRS18,1,RRSZX043,RRSZX051,2,rrs_wd_3184,237,118,2019/6/1 0:02
724a1174c20acc24625ac381c0394489,1a0319f40eefabe1491a4e1eeab522be,2019/6/1 0:01,RRS18,1,RRSZX043,RRSZX051,2,rrs_wd_3275,237,65,2019/6/1 0:04
f71772d99985431bcd24424dd683215b,11dab2f69ff20ec52d6f89edacf0797b,2019/6/1 0:00,RRS18,2,RRSZX043,RRSZX051,2,rrs_wd_935,237,108,2019/6/1 0:03
b5c26006dd8349b47764a0a51f30c46e,130c03182cf0ae11d64cd8c61c2a550f,2019/5/31 21:14,RRS18,1,RRSZX043,RRSZX051,2,rrs_wd_935,237,108,2019/6/1 0:01
deab3d85fa6df66c8a90d331cccf5c5c,0389eedf0b63110d8f33f71f2aa48ba4,2019/6/1 0:00,RRS18,1,RRSZX043,RRSZX052,2,rrs_wd_2073,159,95,2019/6/1 0:03
99545d8a1d5168cd38ebd08afa1d7e28,121c5744cb8427dbbaff68a5d7c50948,2019/6/1 0:00,RRS18,1,RRSZX043,RRSZX052,2,rrs_wd_3400,159,146,2019/6/1 0:03
e59fd967871b324a7418e262764b1c1b,0f06835462d9de3961596cd900325876,2019/6/1 0:00,RRS18,1,RRSZX043,RRSZX052,2,rrs_wd_557,159,51,2019/6/1 0:04
88bab63af689d76a0a790850d9414052,0a9a97cf29ea21d72ce7de7fd2ede1c2,2019/5/13 18:08,RRS18,2,RRSZX043,RRSZX052,2,rrs_wd_6619,159,14,2019/6/1 0:00
fac448a5645f8b7a8dc68b812818eb0e,037c02aba178488f10b6137a5557cfc4,2019/6/1 0:00,RRS18,1,RRSZX043,RRSZX052,2,rrs_wd_6619,159,14,2019/6/1 0:03
c788001489829a2bebdb3af80b666ee1,10493017ea9094c5000126da2f2fd3e0,2019/6/1 0:00,RRS18,1,RRSZX043,RRSZX052,2,rrs_wd_6805,159,260,2019/6/1 0:03
4e3a5da70a93c15345e02bb4842e3321,0d5209b1d959ba4c54cbbbe88df3bb71,2019/5/31 20:38,RRS18,1,RRSZX044,RRSZX044,2,rrs_wd_3442,0,67,2019/6/1 0:01
8e7610f50e2e3b80675bc1e7f95c75f1,05707cfa2cda078a53c6d82bdd4204ac,2019/5/31 20:50,RRS18,1,RRSZX044,RRSZX044,2,rrs_wd_3480,0,71,2019/6/1 0:01
9cb05503c0b058bd805c130347b24434,1980283724e67067644ac6b8278c02b0,2019/5/31 22:02,RRS18,1,RRSZX044,RRSZX044,2,rrs_wd_3697,0,154,2019/6/1 0:02
a5430d7a2181f7e5709b097e0626d4aa,0efa45ff0f252a691303a9a60ada8d99,2019/5/31 21:48,RRS18,1,RRSZX044,RRSZX044,2,rrs_wd_4114,0,106,2019/6/1 0:02
445d16d122d0f9cef69af5c98738b36f,18177b6b892b100cf83f0d092b690f8d,2019/6/1 0:00,RRS18,2,RRSZX044,RRSZX044,2,rrs_wd_412,0,63,2019/6/1 0:04
ea76f92b9a6179062e1f0f9b6d083d11,07ec54db0719cdfb377198038bd13437,2019/5/18 10:04,RRS18,2,RRSZX044,RRSZX044,2,rrs_wd_412,0,63,2019/6/1 0:00
893b9ab53e6b85997d44a61e9eead5b9,0dace4fbe864956411962f0c3792bcba,2019/5/26 10:19,RRS18,2,RRSZX044,RRSZX044,2,rrs_wd_4465,0,114,2019/6/1 0:01
9acb85f4e6b45e6ecb46b462cd454d0d,133fb1410be2e0fce0a86a1e54bb1f05,2019/5/31 19:10,RRS18,2,RRSZX044,RRSZX044,2,rrs_wd_5783,0,146,2019/6/1 0:01
1e8ee980e12fb714b0ed07422d22126f,10f1886e9774684ab1fe493b41763318,2019/5/31 12:42,RRS18,1,RRSZX044,RRSZX044,2,rrs_wd_5942,0,137,2019/6/1 0:01
72abf8e8d78215cfd3cfb06ab988a775,0b017b4050eda0adbed52f8574693aaa,2019/6/1 0:00,RRS18,2,RRSZX044,RRSZX044,2,rrs_wd_6391,0,74,2019/6/1 0:03
24bf9b5ff680b9ee0bfde55be3e7d735,105e680f4e06a59cb8ec274c6dfc2a67,2019/5/20 21:45,RRS18,1,RRSZX044,RRSZX044,2,rrs_wd_6391,0,74,2019/6/1 0:01
f6dd30e17ed8a5b67a47829a0b80901b,0462ab2816466fd0cba6bb9a5d70e5de,2019/5/8 15:35,RRS18,1,RRSZX044,RRSZX044,2,rrs_wd_870,0,122,2019/6/1 0:00
e3e0f20f166e28f36ea004881bc7dadf,07bdf445cfae06604841fec978f8eeef,2019/5/31 19:05,RRS18,1,RRSZX044,RRSZX044,2,rrs_wd_870,0,122,2019/6/1 0:01
d91bcd94d883d672af9515dba8bf4f88,0aa65940bc94a78fd855fc766a1d5c93,2019/5/31 19:05,RRS18,1,RRSZX044,RRSZX044,2,rrs_wd_870,0,122,2019/6/1 0:01
c63b38e224e0aa138e5c657b50a1dddc,0b8c8f3e2fe3980a670511939a568730,2019/5/31 19:05,RRS18,1,RRSZX044,RRSZX044,2,rrs_wd_870,0,122,2019/6/1 0:01
e3f2314a86018a6af53b13d6a9b1a3c9,1429eebaf45b32abcdb5a4e97ab8eb45,2019/5/31 19:34,RRS18,1,RRSZX045,RRSZX045,2,rrs_wd_2264,0,28,2019/6/1 0:01
aa42d3d436f04e7253226cd3a53895c9,06cb0f584756662894298f81ba508b77,2019/5/31 23:34,RRS18,2,RRSZX045,RRSZX045,2,rrs_wd_2264,0,28,2019/6/1 0:02
d6494b9708d08f8e3d77e1d4e1f758ab,007e286cbacf3597fbfed10cc69d839a,2019/6/1 0:00,RRS18,2,RRSZX045,RRSZX045,2,rrs_wd_3409,0,58,2019/6/1 0:03
449891a14e1b33956de3ec24ad6e949d,0db48657bf756e2e2da07d62a84c8647,2019/6/1 0:00,RRS18,1,RRSZX045,RRSZX045,2,rrs_wd_3630,0,122,2019/6/1 0:02
70b32421abc1f3e03036ab55039f6805,1639f570697d8be78aed58fbf84581e4,2019/6/1 0:00,RRS18,1,RRSZX045,RRSZX045,2,rrs_wd_3630,0,122,2019/6/1 0:03
32d9a3ade9f5ea89eb91495348429e46,0c570aef3cb4b5506728553da2e8ce8b,2019/6/1 0:00,RRS18,1,RRSZX045,RRSZX045,2,rrs_wd_4819,0,103,2019/6/1 0:04
5b815fc4ef0f6300f8362431ff4e4d42,15fde7b2bbdd97be5ef3b747f026febb,2019/6/1 0:00,RRS18,2,RRSZX045,RRSZX045,2,rrs_wd_4819,0,103,2019/6/1 0:03
cb84b031afc6383872411b7d7da392b1,0f21530ac46328cdaee00fa027b51cb3,2019/6/1 0:00,RRS18,2,RRSZX045,RRSZX045,2,rrs_wd_4819,0,103,2019/6/1 0:04
c316b6461987548ace7caa333eea5c6c,173cf68039a9ada690cad419fb3e8711,2019/5/20 9:29,RRS18,1,RRSZX045,RRSZX050,2,rrs_wd_1723,205,144,2019/6/1 0:01
68cc77f11942f8e82db7a7f3ca976709,0b5d2aaaf22a7c62e1da8ce8a0c8ce72,2019/6/1 0:01,RRS18,1,RRSZX045,RRSZX050,2,rrs_wd_430,205,20,2019/6/1 0:04
08f98b8431b656c61256fe11662e3952,08fa9605ae22cdc87c1a358f0760eb16,2019/5/30 9:51,RRS18,1,RRSZX045,RRSZX050,2,rrs_wd_6315,205,251,2019/6/1 0:01
9e900326769ab106f54339d7fa60b291,058743cfb6d065ef01b7d02b3236f4c8,2019/5/19 17:04,RRS18,1,RRSZX045,RRSZX050,2,rrs_wd_6331,205,185,2019/6/1 0:00
7cea740f7ba9d0246f5be36ac00849d7,057c94e3ea383c23de935f294792f36e,2019/6/1 0:00,RRS18,1,RRSZX045,RRSZX050,2,rrs_wd_7150,205,107,2019/6/1 0:04
6abbbbe4a4e1b93a7c4bdfa7ccaf4fe8,0bf089bcf5b821eca1326a172faa5d36,2019/5/31 22:27,RRS18,2,RRSZX045,RRSZX050,2,rrs_wd_7212,205,314,2019/6/1 0:02
b65455bff1e7c5039b64a94f8e186436,0884378a065bb0ba49c1e6d45e6bf8d2,2019/5/31 20:55,RRS18,1,RRSZX047,RRSZX046,2,rrs_wd_2548,204,90,2019/6/1 0:01
8bf572e0466b73add19b5129993cd844,0a7b4f4495aeecf7116cada6af28a453,2019/6/1 0:00,RRS18,1,RRSZX047,RRSZX046,2,rrs_wd_4638,204,116,2019/6/1 0:03
b5f7accba7fa0b8f3f17cb5508599242,005fe2d6b557a7bdfeab94a0896ebeb2,2019/5/31 21:30,RRS18,1,RRSZX047,RRSZX047,2,rrs_wd_1866,0,4,2019/6/1 0:01
8476512f2febfd62bf29ab3a432772f5,128bf28ae75ce64c462f039a368b47ef,2019/6/1 0:00,RRS18,2,RRSZX047,RRSZX047,2,rrs_wd_3386,0,58,2019/6/1 0:03
5bd46569afef68bbe9a2d09c494f57ae,02e2968fe98157b96378c936ad2778a7,2019/6/1 0:01,RRS18,1,RRSZX047,RRSZX047,2,rrs_wd_3386,0,58,2019/6/1 0:04
4e3b14b29ed7bde5af3d091e00e268a1,0cd2dd4c2162d24a7337e3219c854b64,2019/5/31 22:36,RRS18,1,RRSZX047,RRSZX047,2,rrs_wd_5237,0,128,2019/6/1 0:02
1e0927bc5e9ab049dc41474be7d6aec3,042c3a4f440328a795246ecf036773d8,2019/6/1 0:00,RRS18,1,RRSZX047,RRSZX047,2,rrs_wd_5868,0,196,2019/6/1 0:02
b5c446eeed8e25f12f253745622a8780,186dde7c43c50771d2ac58aac7396c97,2019/6/1 0:00,RRS18,2,RRSZX047,RRSZX047,2,rrs_wd_641,0,83,2019/6/1 0:03
c4833738474115addb83ac89ce802f08,16a970d891bf22758e709e05a49e95b8,2019/6/1 0:01,RRS18,1,RRSZX047,RRSZX047,2,rrs_wd_651,0,159,2019/6/1 0:04
95ac3be3350ada79aa4542aef71ff649,136039e47a675ec2a2c090c61ee5be29,2019/6/1 0:01,RRS18,2,RRSZX047,RRSZX047,2,rrs_wd_6934,0,120,2019/6/1 0:04
9ce19e92fbc175e9e568da63797dece7,03cfef15829db2bb2ce3132646cfdf18,2019/6/1 0:01,RRS18,2,RRSZX047,RRSZX047,2,rrs_wd_6934,0,120,2019/6/1 0:04
c93f4352486c3ab6a517abb8be7dac6b,17b1b3149662be9894875c9c22a6f6f9,2019/6/1 0:01,RRS18,2,RRSZX047,RRSZX047,2,rrs_wd_6934,0,120,2019/6/1 0:04
75aea9afa015a25ece60017b1fe0aab5,0cf1d39ffbcedeac63d3a5e7a1233aa5,2019/5/31 22:08,RRS18,2,RRSZX047,RRSZX047,2,rrs_wd_923,0,145,2019/6/1 0:02
b2078bc884b8030b4b16a5faceeb0646,1143e2a1bdcaab1720bd46614cbe6d43,2019/6/1 0:00,RRS18,1,RRSZX049,RRSZX049,2,rrs_wd_482,0,15,2019/6/1 0:03
126b8ead1819edb6ec5c37efb27678fd,0eb4bd6fc72a97fd945b61fd485ec2b1,2019/6/1 0:00,RRS18,1,RRSZX050,RRSZX050,2,rrs_wd_066,0,25,2019/6/1 0:02
e0a2721907631867827dfa859e403238,083955741e93be0cddf2faf19c3525f5,2019/5/31 19:28,RRS18,1,RRSZX050,RRSZX050,2,rrs_wd_066,0,25,2019/6/1 0:01
9f0ce03c29c35c5f1ef99c14b3acc978,058faf7a4d8650791af8fa7d3f18450d,2019/5/31 19:48,RRS18,1,RRSZX050,RRSZX050,2,rrs_wd_430,0,20,2019/6/1 0:01
aaaf9f8c6b5dd25671e8a543f699c00c,14a49aa8053fcbde50cff8c0c69e1bd8,2019/5/29 19:14,RRS18,1,RRSZX050,RRSZX050,2,rrs_wd_5695,0,178,2019/6/1 0:01
c1acc51e7a655aa5062b5a06184f3aa4,0e3c51268144f1ebabfb6f99e2362b47,2019/5/29 19:14,RRS18,1,RRSZX050,RRSZX050,2,rrs_wd_5695,0,178,2019/6/1 0:01
fc247f2716a3636cf2a4d8dffc6ef5ae,14853e7a684ae15e5e2b3da57e1188c3,2019/5/30 14:52,RRS18,1,RRSZX050,RRSZX050,2,rrs_wd_6451,0,191,2019/6/1 0:01
003dfe1b0b6a951f9cce99d4070adda2,00284caae3fc012a57a6743eb5a23ff7,2019/6/1 0:00,RRS18,1,RRSZX050,RRSZX050,2,rrs_wd_6458,0,55,2019/6/1 0:03
035ac786286424cad7874f787eb6e0b2,0b2527cec6f79b98cc2e4a46f6babad2,2019/5/31 14:36,RRS18,1,RRSZX050,RRSZX050,2,rrs_wd_7212,0,314,2019/6/1 0:01
fa7f9cee4f982bea1f66d014442233f3,0422baaccbd32af822454e834090e9f6,2019/5/31 15:46,RRS18,1,RRSZX050,RRSZX050,2,rrs_wd_7212,0,314,2019/6/1 0:01
62faca62af2568c2596d023358d16e34,046a4e2bdcdd358016efadca5168b592,2019/6/1 0:00,RRS18,1,RRSZX050,RRSZX050,2,rrs_wd_7212,0,314,2019/6/1 0:03
457b565f815b9f7ab847fe993482c41b,1025f1407ff63422a74d31d82babf88e,2019/6/1 0:01,RRS18,2,RRSZX056,RRSZX056,2,rrs_wd_1293,0,104,2019/6/1 0:04
787a3eec9d839ca3879827d9b959ac4a,0de9368956d9b325ec23ab35035e9473,2019/6/1 0:00,RRS18,1,RRSZX056,RRSZX056,2,rrs_wd_3009,0,139,2019/6/1 0:03
4ab3deadb7918d302691dc677eb6adf8,195c8810307b28c4c1d744bbac518255,2019/5/31 19:33,RRS18,2,RRSZX056,RRSZX056,2,rrs_wd_3009,0,139,2019/6/1 0:01
b5fe8104495982d5cdf49a842d001322,13b6b39de4b3177d1a4dc23c42ace3c0,2019/5/31 21:36,RRS18,1,RRSZX056,RRSZX056,2,rrs_wd_4192,0,74,2019/6/1 0:01
94b986cc236743f15b9361e573905ee9,175bb5002bce1b64c00459af9ed135c0,2019/6/1 0:01,RRS18,2,RRSZX056,RRSZX056,2,rrs_wd_4214,0,184,2019/6/1 0:04
047d0f17cc4bfa3ee458a23ee3a64726,1adf8aa5ab97b6be37c51cadacc2aff3,2019/6/1 0:01,RRS18,1,RRSZX056,RRSZX056,2,rrs_wd_4253,0,196,2019/6/1 0:04
878be87b4e976db03d32f009f3914fab,10f17f8b30617afa93ea5e83e687cfb5,2019/6/1 0:00,RRS18,1,RRSZX056,RRSZX056,2,rrs_wd_5309,0,131,2019/6/1 0:04
8a031785e7dbcd78c92738b5b8dc9a13,11de142fe6085fdecf154b6acf6891fe,2019/6/1 0:01,RRS18,1,RRSZX056,RRSZX056,2,rrs_wd_6013,0,97,2019/6/1 0:04
0d42bf691784c75e818b1fa6b6bdd35f,0a76cd3abd9e937f6e94ba2a0a46d93e,2019/6/1 0:01,RRS18,1,RRSZX056,RRSZX056,2,rrs_wd_6013,0,97,2019/6/1 0:04
09ea052753888df1d194c4633bc4541e,17d6d169fb62b9e6051ffde796803b14,2019/6/1 0:00,RRS18,1,RRSZX056,RRSZX056,2,rrs_wd_6758,0,178,2019/6/1 0:03
4e11d2b8623403a0381b8aae743e8853,11bc51a79ec1e1a00fe5d7ab4bac2263,2019/5/31 22:25,RRS18,1,RRSZX056,RRSZX056,2,rrs_wd_7074,0,107,2019/6/1 0:02
da58d6ff7258e4b8f0bd982fc2bd74c4,0584f54cb5ac88be99b1b012ceb5ce85,2019/5/31 23:44,RRS18,1,RRSZX056,RRSZX056,2,rrs_wd_7228,0,181,2019/6/1 0:02
74f55c3043bda9c6bf12ce208627fde9,0320b6df20ea005088ea93436b57784e,2019/6/1 0:01,RRS18,2,RRSZX056,RRSZX057,2,rrs_wd_1326,303,64,2019/6/1 0:04
7ce9555cbef84c0ca83f9729e814dc01,185e58d0ac1b02ef51d0e3f2b18f2cd6,2019/5/27 15:00,RRS18,1,RRSZX056,RRSZX057,2,rrs_wd_4316,303,1,2019/6/1 0:01
bc7fdbb62034c9ea4db231427e86f68e,07cca19841842b4487d8d3dc5e0332a9,2019/6/1 0:00,RRS18,1,RRSZX056,RRSZX059,2,rrs_wd_5567,507,50,2019/6/1 0:03
f92f9de9fd8b017a55a46ba52c049807,033606fb1d61512b247f7002e1e8f8b8,2019/5/28 21:02,RRS18,2,RRSZX056,RRSZX059,2,rrs_wd_6884,507,105,2019/6/1 0:01
e88dc25e951837c669b06bd656b648f0,17eb1f381662cb56d97680de8e477efc,2019/6/1 0:01,RRS18,2,RRSZX056,RRSZX061,2,rrs_wd_7037,369,76,2019/6/1 0:04
2722be1cc7a74a09ee4b6c578d861d2e,0769c335fbf4e7c55ea6992fccfa4361,2019/5/31 23:25,RRS18,1,RRSZX056,RRSZX062,2,rrs_wd_4314,286,99,2019/6/1 0:02
2515a33bdd7b958f9e6fdb1f7b588cc0,1009c168efc86407c3f2f89b8c9e3cfe,2019/6/1 0:01,RRS18,1,RRSZX056,RRSZX062,2,rrs_wd_5828,286,344,2019/6/1 0:04
c573cc7c99619a0d5014cbdcec717cc2,039a3008d142e7152fab8494a5144741,2019/5/31 22:46,RRS18,1,RRSZX056,RRSZX062,2,rrs_wd_5828,286,344,2019/6/1 0:02
ade16729393536308d6ba8343987d1e0,121d0c916b062d62f5cc32d0e02b265f,2019/5/22 9:38,RRS18,2,RRSZX056,RRSZX063,2,rrs_wd_2296,487,120,2019/6/1 0:00
3772ba3f78b9d71581b2dc2b32a147c7,1389e0c5b708cd4464b83ed5d1a0860e,2019/6/1 0:00,RRS18,1,RRSZX056,RRSZX066,2,rrs_wd_1145,562,72,2019/6/1 0:03
ef722d58c11475e4b3f324a51b3936d8,0edf23c7003bc7ea39bf42d25296a651,2019/5/22 9:40,RRS18,2,RRSZX056,RRSZX069,2,rrs_wd_3096,546,86,2019/6/1 0:00
f66c80c8a21c1d7ded191db4e2e2a250,17891dd64f7d25eac6d6cbe964b871ab,2019/6/1 0:00,RRS18,1,RRSZX056,RRSZX069,2,rrs_wd_5452,546,44,2019/6/1 0:03
d28c82c9ec25234fa8037f6617e303ea,10c021bff6b4bce24ad7386365612754,2019/5/31 22:29,RRS18,1,RRSZX057,RRSZX057,2,rrs_wd_1227,0,166,2019/6/1 0:02
01f7194328a79b88ccad85578c96cf5c,05114c6a1b9519363342e52ee714cb31,2019/6/1 0:01,RRS18,2,RRSZX057,RRSZX057,2,rrs_wd_6116,0,8,2019/6/1 0:04
cf84fc93a77b4ae8cf36dc4995fa4253,0257fe0046c32f0ec1cdae7ee93d1762,2019/5/31 20:55,RRS18,1,RRSZX058,RRSZX058,2,rrs_wd_1223,0,184,2019/6/1 0:01
2e89ba94eaa6738d2c2596b91faaabbf,020542e898b760c1ee66f4c69c34360c,2019/5/31 19:23,RRS18,1,RRSZX058,RRSZX058,2,rrs_wd_5461,0,41,2019/6/1 0:01
ab1ea413b821222c76ce7bdb0631e401,0a1556ca782dec7974d4534ea7bc1749,2019/6/1 0:00,RRS18,2,RRSZX058,RRSZX058,2,rrs_wd_6436,0,23,2019/6/1 0:04
dbd7265a4aaf94bf0b819c7bf05488df,0dde4ae47b08c0294d2d0a1d895285d6,2019/6/1 0:00,RRS18,1,RRSZX058,RRSZX058,2,rrs_wd_6493,0,30,2019/6/1 0:04
486c7a02cc6cbccacf297478e0a53599,0524de107bb01381e952f2b3341195d8,2019/5/31 20:06,RRS18,1,RRSZX058,RRSZX058,2,rrs_wd_6493,0,30,2019/6/1 0:01
2fd61a9ad568d1f03aeed31c2ddb6f10,0520e2ecefbe16f7e0e7b195407bb3c6,2019/6/1 0:00,RRS18,1,RRSZX058,RRSZX058,2,rrs_wd_6878,0,146,2019/6/1 0:03
610aa7fc905e8c7210ffce10d2094162,0b6e8bcb74c3fb47cd638eb164b74dd6,2019/5/31 22:50,RRS18,1,RRSZX058,RRSZX058,2,rrs_wd_7265,0,453,2019/6/1 0:02
43bfa967e53378d176f1f93840a54c68,06572285b286de22a928e140297facbf,2019/6/1 0:00,RRS18,2,RRSZX058,RRSZX058,2,rrs_wd_7359,0,101,2019/6/1 0:04
5f3da5b3edbbb2695521aa0c8aded9bd,0b58e682c9ea5505bd758994e7dac5d4,2019/5/19 9:59,RRS18,1,RRSZX059,RRSZX059,2,rrs_wd_3454,0,25,2019/6/1 0:00
06f39fa9fe178afebba422d9623db280,0422b03912e62e9e3f85cb34a35d42b5,2019/5/9 0:02,RRS18,1,RRSZX059,RRSZX059,2,rrs_wd_3531,0,39,2019/6/1 0:00
fdb5d5d7f0c1e6e4edb2ee6852d7dca5,1719e3c98266d8095aad9978c70165a3,2019/5/31 21:05,RRS18,1,RRSZX059,RRSZX059,2,rrs_wd_6876,0,93,2019/6/1 0:01
5e3b613f6600dea17333481b27a6168a,09f6cbabc5037d00d1719034d0eacdc3,2019/6/1 0:00,RRS18,2,RRSZX059,RRSZX059,2,rrs_wd_7217,0,133,2019/6/1 0:03
2a91d66047c948dbd8ee76f726597072,0481ef6a6e9321c8fc9e567b27e2d3ac,2019/6/1 0:01,RRS18,2,RRSZX059,RRSZX059,2,rrs_wd_7341,0,104,2019/6/1 0:04
9b4eb9640d95560c15513734defd3dcd,0487d5ce1b7c16301796515c58d2f1aa,2019/6/1 0:01,RRS18,2,RRSZX059,RRSZX059,2,rrs_wd_7341,0,104,2019/6/1 0:04
add9b783baa2c17481e965c7de93046c,0b4aa38065de4401c6157d6b0f78805e,2019/5/31 23:05,RRS18,1,RRSZX059,RRSZX061,2,rrs_wd_5157,145,159,2019/6/1 0:02
ad0e7666710b7b80dfc01943d16d9e81,0dc3402d65b35f6928f5b7b00413eb38,2019/5/31 22:00,RRS18,1,RRSZX059,RRSZX065,2,rrs_wd_1346,150,64,2019/6/1 0:02
256d441d8df4104123f9ca7a2fa616c3,04c3e9d74e5f811a2fa44e6be9433c24,2019/5/31 21:36,RRS18,1,RRSZX059,RRSZX065,2,rrs_wd_1458,150,47,2019/6/1 0:01
1ac44b2bb1c367293c460b23b5515c74,0a89c14207661d8bc8febeab4aca2faa,2019/6/1 0:01,RRS18,1,RRSZX059,RRSZX065,2,rrs_wd_5320,150,41,2019/6/1 0:04
83427b3a1f5c158dda3f3b2d5aefde8e,079f88c9a1a5c091f1bb93c00d518e69,2019/6/1 0:01,RRS18,1,RRSZX059,RRSZX065,2,rrs_wd_5320,150,41,2019/6/1 0:04
628147747fcd0995fd6e9b2a1810abea,10d6e6548100d2a08d6136fe4fff4337,2019/6/1 0:01,RRS18,2,RRSZX059,RRSZX066,2,rrs_wd_4509,166,112,2019/6/1 0:04
ceeb21977c28c1b5901c93ad0a67449a,014ec2e96b8e6e7fb5add53c9fcd622a,2019/5/27 0:01,RRS18,1,RRSZX059,RRSZX066,2,rrs_wd_4722,166,19,2019/6/1 0:00
bb60dcf195723cfaba9943111bd81fa0,12c19a238f6e469188b566cf726715b5,2019/6/1 0:00,RRS18,1,RRSZX059,RRSZX066,2,rrs_wd_6320,166,60,2019/6/1 0:02
4cd05ffafd7a57a258e9a9be0d071637,00a417c6f52083c404813669d6e78d99,2019/5/31 20:00,RRS18,1,RRSZX059,RRSZX067,2,rrs_wd_1534,266,61,2019/6/1 0:01
51c5f82d7506fe70b1e5d7451a2d808b,18542abd6def5ae2c3bd9cb1a7012596,2019/6/1 0:00,RRS18,2,RRSZX059,RRSZX067,2,rrs_wd_4855,266,86,2019/6/1 0:02
2dbdc2e8121fe354b940af2cfc2f2786,132949d3b5de83bf922da98bb37cd69c,2019/6/1 0:00,RRS18,2,RRSZX059,RRSZX067,2,rrs_wd_4855,266,86,2019/6/1 0:04
df2816f24d9555f09e0d2d8a145a88aa,0285fa9749f9683907dcce07074de9dc,2019/6/1 0:00,RRS18,2,RRSZX059,RRSZX067,2,rrs_wd_4855,266,86,2019/6/1 0:04
9e6c5532853596afdf2426d88ad82ba2,04734debe64ae054421573543f08c078,2019/6/1 0:00,RRS18,2,RRSZX059,RRSZX067,2,rrs_wd_4855,266,86,2019/6/1 0:04
16c67dc01e6b85e45775c1831a9c8528,00f7a60fd23c66e80b3bf30ff45a6651,2019/6/1 0:00,RRS18,2,RRSZX059,RRSZX067,2,rrs_wd_4855,266,86,2019/6/1 0:04
b2a459c7de38adc330be1ce587122e9a,020cac5a619c3929f54bc801907f04d4,2019/6/1 0:00,RRS18,2,RRSZX059,RRSZX067,2,rrs_wd_4855,266,86,2019/6/1 0:04
7d4a98ef23d5043e87eb03304a071ed0,14d0d23c92a4dd4a670afbe5e2f47ae9,2019/6/1 0:00,RRS18,2,RRSZX059,RRSZX067,2,rrs_wd_4855,266,86,2019/6/1 0:04
43c192f0da1fa393d0f3ba41c4c49ff9,07921a23986c38d6b78974756d0b94d7,2019/6/1 0:00,RRS18,1,RRSZX059,RRSZX067,2,rrs_wd_5569,266,9,2019/6/1 0:03
dd592156f47a6f372fae24677d562c05,0aea4de1b6a6f330d1887d5bd6fd318c,2019/6/1 0:01,RRS18,2,RRSZX059,RRSZX067,2,rrs_wd_6685,266,3,2019/6/1 0:04
4c35ee5d973555bc3082bdcaefeb57d6,0885e23ade86ca5943563d772a1c6d47,2019/6/1 0:01,RRS18,2,RRSZX059,RRSZX071,2,rrs_wd_2140,125,22,2019/6/1 0:04
29cc8661c1b75e66b3184d4bbeb4a767,196696358a91b9d5987bfcfe10bc9b51,2019/6/1 0:01,RRS18,2,RRSZX059,RRSZX071,2,rrs_wd_2140,125,22,2019/6/1 0:04
9a1cd88bd934cf7fcec91d7546e37df7,09b6e48f67ccccbe733347b5d3a493c6,2019/6/1 0:01,RRS18,2,RRSZX059,RRSZX071,2,rrs_wd_2140,125,22,2019/6/1 0:04
2b1e32bbbd14d1ad83c6e58d38b8d590,084d68ee995d858817ca34ee3549979d,2019/5/31 23:37,RRS18,1,RRSZX059,RRSZX071,2,rrs_wd_4323,125,92,2019/6/1 0:02
cd78ee4cac112912aeaa6d014612687b,038d329b49e3587bcb98b998da1c7f7e,2019/6/1 0:00,RRS18,1,RRSZX059,RRSZX071,2,rrs_wd_6689,125,7,2019/6/1 0:04
822a7ce878d9c7dce1b9be8911af6c4c,068fe12263879bad70431ca9cbf17446,2019/5/31 20:25,RRS18,1,RRSZX060,RRSZX060,2,rrs_wd_4578,0,232,2019/6/1 0:01
90fda594e46eedd7e67afdcc3937a04a,08956a9dc86da8c8c7294caa33dc34b6,2019/6/1 0:00,RRS18,2,RRSZX060,RRSZX060,2,rrs_wd_5135,0,190,2019/6/1 0:04
568837b93c7a935596c2c9828ac7366e,155d72c4d4830cf012805b2c8322c5cc,2019/6/1 0:00,RRS18,2,RRSZX060,RRSZX060,2,rrs_wd_5960,0,186,2019/6/1 0:02
1c47c981bb1e4859eac8b0221508b791,1ad6d186d86ff3348314b4eb416da9f8,2019/5/31 21:22,RRS18,1,RRSZX060,RRSZX060,2,rrs_wd_6742,0,15,2019/6/1 0:01
1e44dac615a2e3bd203a41a3f4e6a892,0be9b3f5767ac939439ef7bdece7c2e6,2019/6/1 0:01,RRS18,2,RRSZX060,RRSZX060,2,rrs_wd_6755,0,8,2019/6/1 0:04
f8df51337f3f4da0b9c4804305019a41,1128aba19d3e159449282fa9205cdab9,2019/6/1 0:01,RRS18,2,RRSZX060,RRSZX060,2,rrs_wd_6755,0,8,2019/6/1 0:04
98790d34ceacf91d392d591e72b9df1f,07ad0ae6339db282ed48a0a8473af51b,2019/6/1 0:00,RRS18,2,RRSZX060,RRSZX060,2,rrs_wd_6755,0,8,2019/6/1 0:03
c8c7c2ff6045cc1c3d939e4ac69bf6d7,165310f854812933b249c93c46eb1155,2019/6/1 0:00,RRS18,2,RRSZX060,RRSZX060,2,rrs_wd_6755,0,8,2019/6/1 0:03
18cecda8e14ec6a69f927ef22c8b0185,15e1dc1fb4c6b1bf25d6c65647b6d6cd,2019/6/1 0:01,RRS18,2,RRSZX060,RRSZX060,2,rrs_wd_976,0,276,2019/6/1 0:04
c6caa651ca4969c299e744b76f35e77e,026ef462fcb3cabc248396994073246f,2019/6/1 0:00,RRS18,1,RRSZX060,RRSZX060,2,rrs_wd_979,0,186,2019/6/1 0:03
12d87fe5999f5838f58bfffd4a146a28,1b0e8cb862ae36ab914fc77f2590040b,2019/5/31 21:31,RRS18,1,RRSZX060,RRSZX064,2,rrs_wd_2386,402,11,2019/6/1 0:01
3adc1c666deaa5a3d456a1ee99fd0abe,087c8a50371f6f66ab310dc113fe8311,2019/5/31 19:11,RRS18,1,RRSZX060,RRSZX064,2,rrs_wd_6175,402,93,2019/6/1 0:01
84103f960716f011d4f70865612df26c,15f0bbad08f35f5d3bb3cc46b9b8741c,2019/6/1 0:01,RRS18,2,RRSZX060,RRSZX069,2,rrs_wd_5073,192,45,2019/6/1 0:04
62ae0321749a1e22943d082900fcd910,0501cb3264015f3c958b135c5c2e93a0,2019/5/31 21:49,RRS18,1,RRSZX060,RRSZX069,2,rrs_wd_5452,192,44,2019/6/1 0:02
78ec246f4ac64abb48d46779b5b5bb90,086c3dd26674b7d37718f0f3a1ad3e90,2019/6/1 0:00,RRS18,1,RRSZX061,RRSZX061,2,rrs_wd_4331,0,75,2019/6/1 0:03
d740ea958831fa9de57b57edd013e4be,0506ad691dc995d7124db7a77b1a4d17,2019/6/1 0:01,RRS18,1,RRSZX062,RRSZX062,2,rrs_wd_4174,0,87,2019/6/1 0:04
c6eef4d7dd7b7560ed26198310665023,077f2a1f60c8e4e439ebadddb9fb4a5f,2019/6/1 0:00,RRS18,1,RRSZX062,RRSZX062,2,rrs_wd_5720,0,72,2019/6/1 0:02
fcc4b6b7ea8f286d0dbd6e88f2bbbc99,196fa68f733a17fda51b629d4ed1987e,2019/6/1 0:00,RRS18,2,RRSZX063,RRSZX063,2,rrs_wd_6438,0,151,2019/6/1 0:03
7d63a29c49336d2ca162a290c93f75bd,186d6f25cb6a6a277d10d99441515a68,2019/5/31 19:10,RRS18,1,RRSZX063,RRSZX063,2,rrs_wd_6536,0,174,2019/6/1 0:01
13eec00150edf5c75d53add3377e3cd1,06186fb2ff029bfaf074e96c75296ddb,2019/5/31 23:08,RRS18,1,RRSZX063,RRSZX063,2,rrs_wd_7087,0,182,2019/6/1 0:02
ad573d2e447f8f552859ac5c09559b30,136d2004972f71a31a6d1a02f2c31b83,2019/6/1 0:00,RRS18,1,RRSZX065,RRSZX065,2,rrs_wd_1124,0,88,2019/6/1 0:03
f83e3ad47782f2192302cdbbee2295dc,1a8a22280be97692ee4e2c455d6c2fa6,2019/6/1 0:00,RRS18,2,RRSZX065,RRSZX065,2,rrs_wd_1893,0,14,2019/6/1 0:02
3063c707f29070045be6413fafb4a966,02c1053dc8d7670f5a10ebb3cf8b9114,2019/6/1 0:00,RRS18,2,RRSZX066,RRSZX066,2,rrs_wd_4311,0,106,2019/6/1 0:03
8d811d5eb7ca103a0dc74394930a5e93,15ff18a1ec15305c6837ef4ecf5d8720,2019/6/1 0:00,RRS18,2,RRSZX066,RRSZX066,2,rrs_wd_5796,0,1,2019/6/1 0:03
f9e74443ab7d65a49458e9a127b9223c,086cdfd1e8723458afa4d4e073e8b61d,2019/6/1 0:00,RRS18,1,RRSZX066,RRSZX066,2,rrs_wd_6320,0,60,2019/6/1 0:03
6272156001a2aaef9cba5235002b117c,1adae82ca9b336351f78fb712805e2b5,2019/5/30 10:00,RRS18,1,RRSZX072,RRSZX072,2,rrs_wd_1247,0,429,2019/6/1 0:00
8f0a27187ad678819d98debb94706f86,0feefa7d4a1ba3843abb01418a0ee91f,2019/6/1 0:01,RRS18,2,RRSZX072,RRSZX072,2,rrs_wd_1248,0,90,2019/6/1 0:04
a35238cf3e4016d09e725292b71328b8,01ccacdd48c82e26f6306f635fd77cca,2019/6/1 0:00,RRS18,1,RRSZX072,RRSZX072,2,rrs_wd_1250,0,78,2019/6/1 0:03
7aa944c6e4b01852ff40f961b172f60c,17bd065e7810124a7fdf547c19215f8f,2019/5/31 20:19,RRS18,1,RRSZX072,RRSZX072,2,rrs_wd_1288,0,153,2019/6/1 0:01
42bcc316a2bc4a42952b9206966ca936,00215f791e3e9e8094e1044e118aa230,2019/5/31 22:11,RRS18,2,RRSZX072,RRSZX072,2,rrs_wd_1485,0,115,2019/6/1 0:02
bc27242f1e4a96c0d8484b39fba04d44,15991b1fce8630270153a4ce6870a5e0,2019/5/26 8:06,RRS18,2,RRSZX072,RRSZX072,2,rrs_wd_1485,0,115,2019/6/1 0:01
ee44cd37cb868be854a4b5832324a749,10e60886af561280e1870e471436f6dc,2019/6/1 0:00,RRS18,1,RRSZX072,RRSZX072,2,rrs_wd_1487,0,130,2019/6/1 0:02
79bd521fe3519ae58898ce272dcc5c9c,188db243b640f23110d3fb04fba0fdf6,2019/6/1 0:00,RRS18,1,RRSZX072,RRSZX072,2,rrs_wd_1504,0,252,2019/6/1 0:03
450c6a43affa55267fe564ae9f95514c,13f6602e8db7195d2ad59ccf8459d7ca,2019/6/1 0:01,RRS18,1,RRSZX072,RRSZX072,2,rrs_wd_1504,0,252,2019/6/1 0:04
576ddabfcf0db53713ae930ac8b7e392,078e8539249c78cff4a7566ce34a65d0,2019/5/18 0:20,RRS18,2,RRSZX072,RRSZX072,2,rrs_wd_2731,0,71,2019/6/1 0:00
aa1a21b06191b2e999a8767117d717dc,0f8b7519f5c331b0202a9e5d8a6f0d72,2019/5/6 19:18,RRS18,1,RRSZX072,RRSZX072,2,rrs_wd_5580,0,41,2019/6/1 0:00
49966c1294d1e2e96f3c8cd30aa55f8f,0b2fe1db9596e16ae58e94268c0b7d4e,2019/5/31 19:04,RRS18,1,RRSZX072,RRSZX072,2,rrs_wd_5835,0,5,2019/6/1 0:01
23b126daadc41db46703c47150775ecb,0bfc68e38aa9fefefb948287a84994da,2019/6/1 0:01,RRS18,2,RRSZX072,RRSZX073,2,rrs_wd_1140,314,127,2019/6/1 0:04
eb922cbd6cb82d5a8e2702f078336a2b,13cef0a8ddcec956a251cf901a0dd053,2019/5/31 20:41,RRS18,1,RRSZX072,RRSZX074,2,rrs_wd_1262,525,250,2019/6/1 0:01
e3805aa2cd592d79500168982f250a56,0f7880dee1092c51a2cf405d92e91a66,2019/6/1 0:00,RRS18,1,RRSZX072,RRSZX075,2,rrs_wd_1090,392,21,2019/6/1 0:03
fa0861a61e3b6399fe599197587211b8,0c2a227829f9db1d2a660bf7ae0e4258,2019/6/1 0:00,RRS18,2,RRSZX072,RRSZX075,2,rrs_wd_1192,392,275,2019/6/1 0:04
9b3fd1563f9a2380895d19004496186b,120fb7808c34b5f92714fc59b954e60f,2019/5/31 20:53,RRS18,1,RRSZX072,RRSZX075,2,rrs_wd_7156,392,342,2019/6/1 0:01
ccf47898eb3ee0ca3882bb45cac5fbe7,06021dc5b398e40d5ec7114bd6e4c24b,2019/5/30 10:01,RRS18,1,RRSZX072,RRSZX076,2,rrs_wd_1528,230,49,2019/6/1 0:00
b9cc5c6cf7775dc4db157701370848f8,0d0a09d33b1190313a392d619e9d223a,2019/5/27 13:46,RRS18,2,RRSZX072,RRSZX076,2,rrs_wd_3927,230,120,2019/6/1 0:01
7a6a7f01d384f197626c77b2914ce4d4,01383c8be9d2a9156418c94744ece7a1,2019/5/31 22:31,RRS18,1,RRSZX072,RRSZX076,2,rrs_wd_3948,230,107,2019/6/1 0:02
78a3f8bd153efbe43f4fb470ab5971f8,058549f37dc8aa689575c645a3314b70,2019/6/1 0:00,RRS18,1,RRSZX072,RRSZX076,2,rrs_wd_5456,230,128,2019/6/1 0:04
2d5547d28fe0023608545027b7eff200,140ff533017dd3e8196f01cc4e6caef5,2019/6/1 0:00,RRS18,1,RRSZX073,RRSZX073,2,rrs_wd_1211,0,209,2019/6/1 0:03
a94a2ff1b72c73162366abaffbd88a0e,0987704cc5beb6a225ed593b6c84023e,2019/6/1 0:00,RRS18,1,RRSZX073,RRSZX073,2,rrs_wd_1340,0,383,2019/6/1 0:02
3e49618d552ed93a43b91a4a399b5096,0316bd9faaea63be9c6cd4cb4d785196,2019/5/31 23:14,RRS18,1,RRSZX073,RRSZX073,2,rrs_wd_3519,0,190,2019/6/1 0:02
b055d0e60a3a14628d6a1f50d44ae9e1,00bce802aa0956d5ad221044dd78301f,2019/5/31 21:46,RRS18,1,RRSZX073,RRSZX073,2,rrs_wd_3728,0,148,2019/6/1 0:02
c08494cc60bc87f67bd9841689559875,095195f1ec8d67fecdc1eeb6bbe4457f,2019/5/31 22:56,RRS18,1,RRSZX073,RRSZX073,2,rrs_wd_5826,0,25,2019/6/1 0:02
12ad3e78c7e4447ee58968e38e680a73,17640183a0cf96c9b15ca3d523403d46,2019/6/1 0:00,RRS18,1,RRSZX073,RRSZX073,2,rrs_wd_7113,0,431,2019/6/1 0:02
3a3b32ec60ec0b700e180ec4e76e4642,1657e190596c81cb63f0e2e2c5b6f59b,2019/6/1 0:00,RRS18,1,RRSZX074,RRSZX074,2,rrs_wd_1135,0,249,2019/6/1 0:04
5659d3db4cd8c77335eccd49f1ab9b95,10694fbfa62337eb14cfa65a049ab46c,2019/6/1 0:00,RRS18,1,RRSZX074,RRSZX074,2,rrs_wd_1263,0,605,2019/6/1 0:04
298b3930bdac08002f7ef67916bc39d0,069dbc31458d042e2ef4d1b102d5ed96,2019/5/31 23:17,RRS18,1,RRSZX074,RRSZX074,2,rrs_wd_2257,0,36,2019/6/1 0:02
ffe6c8fe65e3d1c9fb3996d947a88bdb,1364b2e4515136139eb32f4d18b5e3df,2019/5/31 21:56,RRS18,1,RRSZX074,RRSZX074,2,rrs_wd_2370,0,209,2019/6/1 0:02
71b2baedf279cbed4a8b41bf3638a557,061d4f173724dbd72a76dc1c938462a4,2019/5/7 15:03,RRS18,1,RRSZX074,RRSZX074,2,rrs_wd_3826,0,34,2019/6/1 0:00
84efd1803c17a4a8fdf3e188bf95e905,160a4917a362b0e158e0826f1584c545,2019/6/1 0:00,RRS18,2,RRSZX074,RRSZX074,2,rrs_wd_4430,0,58,2019/6/1 0:03
642873568b661ee9c1e7a6b18c6f7795,0d1ce788659673f5e84a21c0ab312d8c,2019/6/1 0:00,RRS18,1,RRSZX074,RRSZX074,2,rrs_wd_4738,0,319,2019/6/1 0:03
b5df4f6decb267d644f6d499d29ff072,148ca59435c4f4f1f89cc1cd349d8d31,2019/5/31 22:53,RRS18,1,RRSZX074,RRSZX074,2,rrs_wd_5542,0,378,2019/6/1 0:02
0d1721cc44dd4c79753d298fc9ce1586,13f75239e4e0a81d74ebfedccbfb0ce5,2019/6/1 0:00,RRS18,1,RRSZX074,RRSZX079,2,rrs_wd_1686,367,224,2019/6/1 0:03
0a6639e8747024e405ef0b7c385ab02a,0df10cd0ca82dff24232a686db00ab27,2019/6/1 0:00,RRS18,1,RRSZX074,RRSZX079,2,rrs_wd_3737,367,295,2019/6/1 0:03
bec0e3823fb2c20905033a8221e32cfd,0ae5519b6bcf8c72c3b6f1f3e89f1b64,2019/6/1 0:00,RRS18,2,RRSZX075,RRSZX075,2,rrs_wd_3416,0,18,2019/6/1 0:03
0f7ee22ba016068bf12e29a6a1d6750b,15d5a5492ca17fc10f46c894cd62c032,2019/6/1 0:01,RRS18,2,RRSZX081,RRSZX081,2,rrs_wd_1649,0,197,2019/6/1 0:04
67f24cb3085975aaf255b15d968aef48,00d77cf62c013d3713edc1b1165043f8,2019/6/1 0:00,RRS18,1,RRSZX081,RRSZX081,2,rrs_wd_1661,0,122,2019/6/1 0:03
ca20498a8d6a2bb54cf85610d411d549,0151435c7550d2838ce421d6ab134280,2019/5/31 20:14,RRS18,1,RRSZX081,RRSZX081,2,rrs_wd_2338,0,125,2019/6/1 0:01
83b13a4138decf9ba7d974db84850108,10bbc3e288fc4b042c13ecee32b67593,2019/5/31 12:33,RRS18,1,RRSZX081,RRSZX081,2,rrs_wd_3539,0,272,2019/6/1 0:01
fe0960064befcd3173f421f96d3c11cc,07220a4df28adc9252ad105c990b0ea2,2019/5/31 23:34,RRS18,1,RRSZX081,RRSZX081,2,rrs_wd_5292,0,112,2019/6/1 0:02
edd223745a5adf344e942c72cf025758,1a87e5e83d11461a90f4c8191986d46d,2019/5/31 22:19,RRS18,1,RRSZX081,RRSZX081,2,rrs_wd_5321,0,197,2019/6/1 0:02
69728c25a7ce2a671ce4901068009ba3,057aacacc7647ce61fe847c990da7e60,2019/5/29 13:19,RRS18,4,RRSZX081,RRSZX081,2,rrs_wd_6216,0,103,2019/6/1 0:01
613b216d0b4cda434088b8565090491b,0d3abed6807e5d24e528e5a790b9b8f9,2019/5/18 0:20,RRS18,2,RRSZX081,RRSZX081,2,rrs_wd_6484,0,86,2019/6/1 0:00
2b8ec7ae3986fac2dcab4eb7ce80f35c,18cdb52c5b612fb069c9cdb0eff874d7,2019/6/1 0:00,RRS18,1,RRSZX081,RRSZX081,2,rrs_wd_6664,0,53,2019/6/1 0:03
c1988198b2bcfd17a0e80684f39ae826,09a905912b4580a30ec2720d9de86baa,2019/6/1 0:00,RRS18,1,RRSZX081,RRSZX081,2,rrs_wd_7110,0,133,2019/6/1 0:03
2a2545eab0a80887fc4fe9b32085bc6e,143e34b9508792c0dcdf629a5df991a2,2019/5/31 22:41,RRS18,1,RRSZX081,RRSZX081,2,rrs_wd_7110,0,133,2019/6/1 0:02
9f1cfdb401edfe0313e50f77089c4446,1777796849f837a179ef6ce853150aa4,2019/5/31 20:14,RRS18,2,RRSZX081,RRSZX082,2,rrs_wd_4992,848,540,2019/6/1 0:01
ab57e6271d4092140bca38a3ba6c525b,0a2a41bfbfc109073a923eb48fd002bb,2019/5/31 19:17,RRS18,1,RRSZX081,RRSZX082,2,rrs_wd_5481,848,34,2019/6/1 0:01
84dbe6228c8ce895e546781b88afbdb0,011024090719cb68de94f7fe4564223a,2019/6/1 0:00,RRS18,1,RRSZX081,RRSZX082,2,rrs_wd_7358,848,591,2019/6/1 0:03
caaefade76cc19560005c7fcb17a9de7,00aba3a42ed217661a3aa33e1a29dc96,2019/5/31 22:52,RRS18,1,RRSZX081,RRSZX083,2,rrs_wd_5959,648,242,2019/6/1 0:02
74978af84f7df069cfed3d350cb917fc,1070f1e0345f0fc8db278b8ce1c5decf,2019/5/30 10:01,RRS18,1,RRSZX081,RRSZX085,2,rrs_wd_1651,150,19,2019/6/1 0:00
25f119cced71ef05985a7bf59e5610b3,1ab279e8c5017923511e853a8b92bba3,2019/6/1 0:01,RRS18,2,RRSZX081,RRSZX085,2,rrs_wd_1662,150,43,2019/6/1 0:04
982f111bc2105275b9f549f7d4a4aa79,03712ff4f2520fed56976ac8f60308c0,2019/6/1 0:00,RRS18,2,RRSZX081,RRSZX088,2,rrs_wd_1617,217,107,2019/6/1 0:03
a5a1ac8de062ed1da2453c957728b7eb,1330124be61c5a6df27f00356783f527,2019/5/31 20:54,RRS18,1,RRSZX081,RRSZX088,2,rrs_wd_1632,217,110,2019/6/1 0:01
1b8f0d023a4082206d54b1386c825c21,0e047e6558f65de0e08af7369da36765,2019/6/1 0:00,RRS18,2,RRSZX081,RRSZX088,2,rrs_wd_7182,217,96,2019/6/1 0:03
30e554ec4ed98e1e190cf7fdfb3cfb3d,03b0399e7f00c22ad06d4a286d379d71,2019/6/1 0:00,RRS18,2,RRSZX081,RRSZX088,2,rrs_wd_7182,217,96,2019/6/1 0:03
fa682c2d40f1e6be3dfff82ae9028f5b,1a9902df386a1beb347942d5a177dbf3,2019/5/31 21:50,RRS18,1,RRSZX082,RRSZX082,2,rrs_wd_2168,0,156,2019/6/1 0:02
133e1e92cf51305f67fcd8a8bcb205fa,05ffe9ff2623cb823e28fe5490d4f357,2019/5/31 19:24,RRS18,1,RRSZX082,RRSZX082,2,rrs_wd_2289,0,13,2019/6/1 0:01
98d526ddca1f3f94034927a0d2d1a9f9,1a5149ad038e483cfc3b6adfa4d2e8cc,2019/6/1 0:00,RRS18,1,RRSZX082,RRSZX082,2,rrs_wd_7224,0,28,2019/6/1 0:02
6b90d9948fc7ab55c909927232eb55a6,0fc52000191f50d6b03576527b9a675f,2019/5/31 20:15,RRS18,1,RRSZX083,RRSZX083,2,rrs_wd_1376,0,26,2019/6/1 0:01
a0eda9f33c801f6c8555ed29243086b1,159a2a1ba2dd24fb64fc6048e8377b89,2019/5/31 20:25,RRS18,1,RRSZX083,RRSZX083,2,rrs_wd_3489,0,11,2019/6/1 0:01
76c614992934c3b9bafbc9ba55c5dd43,1afb7330992daf85120e079b21c1a6c9,2019/5/31 23:58,RRS18,1,RRSZX083,RRSZX083,2,rrs_wd_3489,0,11,2019/6/1 0:02
d752ad81c38665f262894f2370dd3aa6,0efcba49e08ccc761cbad3327251e44b,2019/5/31 21:22,RRS18,1,RRSZX083,RRSZX086,2,rrs_wd_3950,139,169,2019/6/1 0:01
6d88a3b30e6fd03fd9713d964e2a4aa9,0123fa10ca67e47d780821bc1326ba7d,2019/6/1 0:00,RRS18,1,RRSZX084,RRSZX084,2,rrs_wd_1277,0,77,2019/6/1 0:03
fd1502dd8657a7dc65a25d8655ba1bb2,0df90270b6eec09bef9ae88ac591645b,2019/6/1 0:00,RRS18,1,RRSZX084,RRSZX084,2,rrs_wd_1497,0,300,2019/6/1 0:03
6cd2fdc2c2e01c17dab824a734cb3a6d,15cc8c3a2971279a99a69f463da8a3b9,2019/6/1 0:01,RRS18,1,RRSZX084,RRSZX084,2,rrs_wd_1524,0,88,2019/6/1 0:04
87999534cfa9eb608820ebd817960b57,15573623c714cde1d89bd9ebb2799881,2019/5/31 19:29,RRS18,1,RRSZX084,RRSZX084,2,rrs_wd_4832,0,34,2019/6/1 0:01
bfdee0937fa49ce1a88dfbaeaf855678,0f882f34f13ffc923c585647d22e59e3,2019/6/1 0:00,RRS18,2,RRSZX084,RRSZX084,2,rrs_wd_4986,0,38,2019/6/1 0:04
98869a9b9dd474b748c30df15fee7e12,00f17052b54fcc9fe5920a553bc24d38,2019/5/26 20:38,RRS18,1,RRSZX084,RRSZX084,2,rrs_wd_6311,0,62,2019/6/1 0:01
1bd93763ee602fe81c081b3eeff9138c,13173304f90777f35ea2c8817af7fb7c,2019/5/26 13:48,RRS18,1,RRSZX084,RRSZX084,2,rrs_wd_6804,0,44,2019/6/1 0:01
4414e8b25b5344098994d5221cf18fa7,184aa60ee05a0ca32f0cf8e2219a37a1,2019/5/31 19:45,RRS18,1,RRSZX084,RRSZX084,2,rrs_wd_7082,0,215,2019/6/1 0:01
1d2b9b19f02e43a756573cb8c73b8f6c,04458fc83a3ccf1d31d1a054a9e42dd8,2019/5/31 22:45,RRS18,1,RRSZX084,RRSZX084,2,rrs_wd_7096,0,139,2019/6/1 0:02
0036bbeb422fbfd05c567b09351e3bc2,0a86eb404c444da0192e165022d6e7ab,2019/6/1 0:01,RRS18,1,RRSZX084,RRSZX087,2,rrs_wd_1526,279,126,2019/6/1 0:04
5b1928540dd99675535dac550c50e9c5,00e7742f5aaf142363dba33efc8b852f,2019/6/1 0:00,RRS18,1,RRSZX084,RRSZX087,2,rrs_wd_1526,279,126,2019/6/1 0:03
09c10e3e8a84b12d352e5570b7839c3d,152c77a61bf1b1a3fd6fceab3740ac3f,2019/6/1 0:01,RRS18,1,RRSZX084,RRSZX087,2,rrs_wd_4696,279,62,2019/6/1 0:04
f4d15bf6ae22c3040057c1b5699276a3,179896c666a8259b21705e0d03bd2480,2019/5/31 20:45,RRS18,1,RRSZX084,RRSZX087,2,rrs_wd_4839,279,36,2019/6/1 0:01
b451d05ef88032758062156758833439,082ca471d3dff0c904b549d265aebb53,2019/6/1 0:00,RRS18,1,RRSZX084,RRSZX087,2,rrs_wd_4839,279,36,2019/6/1 0:03
cac0ee4d69a902d6fec6c49d0a40accd,1ac325dd8eab05332b32caf85a70be6d,2019/6/1 0:00,RRS18,1,RRSZX084,RRSZX090,2,rrs_wd_2997,186,40,2019/6/1 0:03
a57b36142514e411e17fe09684967a90,1a322b28254eb37044a358cce5e505c2,2019/6/1 0:01,RRS18,1,RRSZX084,RRSZX090,2,rrs_wd_2997,186,40,2019/6/1 0:04
affd0d2783b540803de5031847ba5c0b,09d8966d3f48abc470ddd320de8c5d5e,2019/6/1 0:00,RRS18,2,RRSZX084,RRSZX090,2,rrs_wd_5473,186,191,2019/6/1 0:03
1a90257d484518e53e9183b277ac463f,0ff4cfc27659a6c3842b11de1bcad04d,2019/5/31 20:18,RRS18,2,RRSZX084,RRSZX090,2,rrs_wd_6404,186,48,2019/6/1 0:01
1c52e9abd84678732b0ce15f03456930,122b90e0ea3ae4615f3408d18d217b86,2019/6/1 0:00,RRS18,1,RRSZX093,RRSZX093,2,rrs_wd_2227,0,657,2019/6/1 0:04
f62c2e699dd7d22143f1e342edb77bdd,0d9e1d53cfc6eb26a1437c76b71c7c34,2019/5/13 14:43,RRS18,1,RRSZX093,RRSZX093,2,rrs_wd_2517,0,11,2019/6/1 0:00
863f0089997acb37c692189f58fa9c8b,198975c582f70fb0fce2deae40e6517d,2019/6/1 0:01,RRS18,2,RRSZX093,RRSZX093,2,rrs_wd_2766,0,10,2019/6/1 0:04
24e8012962fd1b11bae1c7b4c54aca2e,008aef7d519153f86e3cc0cc25c33caf,2019/5/29 22:57,RRS18,1,RRSZX093,RRSZX093,2,rrs_wd_3713,0,12,2019/6/1 0:01
2e278e3706503404469caf1a5f81bbe9,06e43216f2a12b1aaad634dced9871b7,2019/5/31 19:45,RRS18,1,RRSZX093,RRSZX093,2,rrs_wd_3847,0,75,2019/6/1 0:01
cc71c34d00a10fed8c1c042f0ce52b3c,02d8bcde18be354f5ae04a4b4f4fe9d7,2019/5/31 22:53,RRS18,1,RRSZX093,RRSZX093,2,rrs_wd_4200,0,82,2019/6/1 0:02
4b6c033cd7e3b2be8a0ab51c00994efc,0276d8f71cb7057b7726fc53e5ae171a,2019/5/31 21:40,RRS18,1,RRSZX093,RRSZX093,2,rrs_wd_5176,0,54,2019/6/1 0:01
920d6ff7057949336991353185bd0671,06e21743c3f0dc63716c24d2dfb84d5e,2019/5/30 10:02,RRS18,2,RRSZX093,RRSZX093,2,rrs_wd_535,0,178,2019/6/1 0:01
24570314fd8dbf17d73e18b4750aea82,19389021a079df4d7a80ca72d2c2ea6b,2019/5/31 21:09,RRS18,1,RRSZX093,RRSZX093,2,rrs_wd_6744,0,566,2019/6/1 0:01
6a8e179d6cc352c3c62d21c05330b90e,039e320e9e73d217c5d0fea7986fcdb4,2019/5/31 19:59,RRS18,2,RRSZX093,RRSZX093,2,rrs_wd_6979,0,72,2019/6/1 0:01
91c2df290dde05ad32dfa6e6eaad1251,085dc92578c897bd13e30dc30a15e3fc,2019/5/31 20:04,RRS18,2,RRSZX093,RRSZX093,2,rrs_wd_7173,0,46,2019/6/1 0:01
ae30c5b8e6bdaa9633a494d60c884590,1349aa288f34339cb3f50e40741f8b46,2019/6/1 0:00,RRS18,1,RRSZX093,RRSZX093,2,rrs_wd_824,0,273,2019/6/1 0:02
773507d0b3a4143367c9e4d648593625,04b51f20c5a27915094402de25e8f004,2019/6/1 0:00,RRS18,1,RRSZX093,RRSZX094,2,rrs_wd_2408,2553,34,2019/6/1 0:03
827f7efed6da05ff566bcefff2bb1441,03a29a30f0a364276abf8e97f2de4556,2019/5/31 23:44,RRS18,1,RRSZX093,RRSZX094,2,rrs_wd_2891,2553,218,2019/6/1 0:02
f484be3d4e4e6dfdb13c2cf0281444c5,12b38380ea9c1f67087d2d3397dd2b41,2019/5/30 10:00,RRS18,1,RRSZX093,RRSZX094,2,rrs_wd_4669,2553,901,2019/6/1 0:00
94d5785e81a39bfea48540d4228a78c0,01d9681234e7a7333a230d403771d939,2019/5/31 21:02,RRS18,1,RRSZX093,RRSZX094,2,rrs_wd_956,2553,33,2019/6/1 0:01
664ba1ba4f1e80a498890d2ccd584404,0fa5c4e35ca04cd87fc7bdd8085ce2c9,2019/6/1 0:00,RRS18,1,RRSZX093,RRSZX096,2,rrs_wd_4015,717,50,2019/6/1 0:03
ed0eb59d1500e4a01d74b6afb23faee6,0c0e9e00fa32c13b5186284e28c33fef,2019/5/24 21:55,RRS18,1,RRSZX093,RRSZX096,2,rrs_wd_5387,717,170,2019/6/1 0:01
eadaabc7de2eec1e24a2d6c39366056d,0cd889c1c676eaf407c750132584274a,2019/6/1 0:00,RRS18,1,RRSZX093,RRSZX097,2,rrs_wd_5566,861,1906,2019/6/1 0:04
1d7762097f035eed8a1bc29b51b1ffc5,197a03a0815fba37a4d688d75a95fa43,2019/5/31 20:05,RRS18,2,RRSZX093,RRSZX099,2,rrs_wd_5643,317,25,2019/6/1 0:01
e80ffe422ce1579877995ededdfb9a2a,1a3f13c6489a07317f4955c48d3942ee,2019/5/31 22:34,RRS18,1,RRSZX093,RRSZX102,2,rrs_wd_6173,61,182,2019/6/1 0:02
33448a323c7ea3cf2bf487b18b556536,065c8a6d147bd3dcc98e69dfc193180e,2019/5/31 22:55,RRS18,1,RRSZX093,RRSZX102,2,rrs_wd_6173,61,182,2019/6/1 0:02
a4a3f5e9565559387d5d8a068602f554,0eef5cf2dbaa0d9a0fecc2217ba557e9,2019/6/1 0:01,RRS18,2,RRSZX093,RRSZX102,2,rrs_wd_6173,61,182,2019/6/1 0:04
a75f6ec58a79c67a57768a6154c5bb3c,17b1808c4880c7581567b54ad8b76bc6,2019/5/31 19:00,RRS18,1,RRSZX094,RRSZX094,2,rrs_wd_2429,0,674,2019/6/1 0:01
3f53b37e61b1fdea4410ab0a04477cf5,13a4c506155ab45e10149d49e3a651e9,2019/5/31 20:15,RRS18,1,RRSZX095,RRSZX097,2,rrs_wd_5566,240,1906,2019/6/1 0:01
895df997724a5ae425ca2d5b7a3f0c7a,019a73d081c57671f76907a9f7e42fba,2019/5/31 23:19,RRS18,1,RRSZX095,RRSZX103,2,rrs_wd_1894,512,601,2019/6/1 0:02
e6335b992a5d2ca79e1ef3f825244888,0de7709e90e73231b96827b1f17d6cb7,2019/5/31 22:49,RRS18,1,RRSZX104,RRSZX002,2,rrs_wd_6524,285,38,2019/6/1 0:02
5e6ea1988060271c0ac07cf9fee961bd,0cd53494dff5b80d2b557a7c6ffec6b7,2019/5/22 9:37,RRS18,2,RRSZX104,RRSZX002,2,rrs_wd_6587,285,49,2019/6/1 0:00
2f1fbdc139b3abfe32fce2590c3db0d0,02ed7ef90742a0ead011a681525a1e3b,2019/5/28 17:44,RRS18,1,RRSZX104,RRSZX002,2,rrs_wd_6587,285,49,2019/6/1 0:01
6ddfd13e989dac184e75c0de8caffa1d,020f8bfff1ce76560c9b9c8632fbd6a2,2019/5/22 9:35,RRS18,2,RRSZX104,RRSZX003,2,rrs_wd_2491,306,52,2019/6/1 0:00
d835494d3bb3e9fd143181d60ca25bbb,0066a7c6603a16ae9f2c0d41fa906483,2019/5/30 0:02,RRS18,1,RRSZX104,RRSZX004,2,rrs_wd_6560,514,56,2019/6/1 0:01
dc3126599e82276e020bcbe99a5ee92c,13d6aeecee2b667f266949be6c295b08,2019/6/1 0:01,RRS18,2,RRSZX104,RRSZX011,2,rrs_wd_4665,351,106,2019/6/1 0:04
e75d9c3744366538794a08e1ebf5a31d,06d28802b9203c05ce0e13da291704f7,2019/6/1 0:01,RRS18,1,RRSZX104,RRSZX011,2,rrs_wd_4665,351,106,2019/6/1 0:04
36da20b0e5403848fdf3688113207cd7,06165656227348e382cad81ff11d0231,2019/5/31 23:36,RRS18,1,RRSZX104,RRSZX104,2,rrs_wd_046,0,83,2019/6/1 0:02
2fb315101f6370ee399236b00fb57f4a,0272412fa2d92f8ce7f181f781719065,2019/6/1 0:00,RRS18,1,RRSZX104,RRSZX104,2,rrs_wd_341,0,173,2019/6/1 0:03
89195b3bbf0524a2ecd44ed3fb784777,1918b965df1ac28828a6ac0391431863,2019/6/1 0:00,RRS18,1,RRSZX104,RRSZX104,2,rrs_wd_344,0,167,2019/6/1 0:02
8ef431f9237e82c70f7e8c4e2fb8cc80,174d8f29963d3b12cad7a0c147fe6be1,2019/6/1 0:00,RRS18,1,RRSZX104,RRSZX104,2,rrs_wd_4105,0,175,2019/6/1 0:04
2fe8d0e5d65e5f53bed94eef5d390c9f,0d40669c531c3cb26f05e8b6fe2b97f4,2019/6/1 0:00,RRS18,2,RRSZX104,RRSZX104,2,rrs_wd_4194,0,40,2019/6/1 0:04
ff85a52209019fc7c5632b532c1cd45b,0e9fe2af155e7c59f78d840e8c051e43,2019/5/31 10:58,RRS18,2,RRSZX104,RRSZX104,2,rrs_wd_4534,0,65,2019/6/1 0:01
4d2cb5fdb2bb7fdf44d48699a0de0522,1a8e20bbc3f7aa9c25ed9f4007ceef78,2019/6/1 0:00,RRS18,2,RRSZX104,RRSZX104,2,rrs_wd_4749,0,126,2019/6/1 0:03
bc42df3f9358a3d06ad68a1a60301a9b,09078d585fb8c2dedbed15899878c285,2019/6/1 0:00,RRS18,2,RRSZX104,RRSZX104,2,rrs_wd_5454,0,153,2019/6/1 0:03
eca4ba9695783d2826899b6534f5cca0,023147ce1569a7621f301c2d62471a64,2019/6/1 0:01,RRS18,2,RRSZX104,RRSZX104,2,rrs_wd_5744,0,145,2019/6/1 0:04
c11ccc79713238f444b16a6d09338bcf,00bc15ff295457dcf9a6d7ac4efd6e11,2019/6/1 0:01,RRS18,2,RRSZX104,RRSZX104,2,rrs_wd_5744,0,145,2019/6/1 0:04
61eaada1b2ce171f2faeb95ec17c1c15,17f4379a195807296a8445b2977b1bf1,2019/6/1 0:01,RRS18,2,RRSZX104,RRSZX104,2,rrs_wd_5744,0,145,2019/6/1 0:04
9cc14f24b28c813380601b214228f154,0057a7ea0b254a3649c87dbcb4f5f752,2019/5/30 13:17,RRS18,1,RRSZX104,RRSZX104,2,rrs_wd_5864,0,130,2019/6/1 0:01
2aebd76d9e18f9d556f9051d2461678b,0a1b5bf0e87616e35f954dd29f7b72fb,2019/5/31 20:43,RRS18,2,RRSZX104,RRSZX104,2,rrs_wd_5864,0,130,2019/6/1 0:01
5ee0302a184b468a52de9ed9dc5d53ac,097680d7299cac6b2e0d7c96f267417e,2019/5/30 0:00,RRS18,1,RRSZX104,RRSZX104,2,rrs_wd_5976,0,125,2019/6/1 0:01
b4d7a2e907e4bd4cacad40b47360b4f1,02e51bebbc9ee5df08b1598012969fd7,2019/5/30 0:00,RRS18,1,RRSZX104,RRSZX104,2,rrs_wd_5976,0,125,2019/6/1 0:01
1bdf3fe42560a1d461a35b4e0837fd9c,181aff21a295bdd2fa212cf7d151ca6c,2019/6/1 0:00,RRS18,1,RRSZX104,RRSZX104,2,rrs_wd_6712,0,143,2019/6/1 0:03
f4146f5f17bb6260e7d35f1c21bb9175,0d9d8fdd6a828013d47d91a90bd3a5bd,2019/5/31 19:04,RRS18,2,RRSZX104,RRSZX105,2,rrs_wd_4760,223,88,2019/6/1 0:01
8c7914a59e7d04d7025c8c4c1c3ea95a,19a74c7df2ef91771bc07a8ce92fe9c4,2019/5/31 10:59,RRS18,2,RRSZX104,RRSZX105,2,rrs_wd_853,223,5,2019/6/1 0:01
d25f2b3079458227636c91277baeb05a,1213c1b5691f5c24f501e1c89343f80e,2019/6/1 0:01,RRS18,1,RRSZX104,RRSZX105,2,rrs_wd_942,223,179,2019/6/1 0:04
f697eb3d168cd34c4a273251a0747473,0a160f2e07a657a61c013010507d5149,2019/5/22 9:35,RRS18,2,RRSZX104,RRSZX106,2,rrs_wd_1029,461,166,2019/6/1 0:00
241d8d846df9330a3025366bcc2ecbe4,11b0641ddec9387815a29aa8a7fa9b06,2019/5/18 0:22,RRS18,1,RRSZX104,RRSZX106,2,rrs_wd_5524,461,65,2019/6/1 0:00
66a588b2254b407e29fbd59d1e161ef8,17a7f0aece14cdb3be4de3e71c10309e,2019/6/1 0:00,RRS18,2,RRSZX104,RRSZX106,2,rrs_wd_5817,461,106,2019/6/1 0:02
7cc6ec66f949119bb440fd3e3322a083,197bfb6ad55158c2a7db0654580d5cdf,2019/6/1 0:00,RRS18,1,RRSZX104,RRSZX107,2,rrs_wd_3597,305,104,2019/6/1 0:02
ae0bead635a676f854522e4665adf86d,123d699e6831a6a7c3e53d5886196857,2019/5/30 10:31,RRS18,2,RRSZX104,RRSZX107,2,rrs_wd_3862,305,75,2019/6/1 0:01
5dbe2ff4eb841908296b30565064cdcf,10eb7df181cbc960ef6c11f130e12049,2019/5/31 10:59,RRS18,2,RRSZX104,RRSZX107,2,rrs_wd_635,305,157,2019/6/1 0:01
2aca92fcd7b6e7da07d923c710d08c23,0f167fda9e27e44df5efe3b451d08e49,2019/5/31 10:59,RRS18,2,RRSZX104,RRSZX107,2,rrs_wd_746,305,103,2019/6/1 0:01
1d8fc717e427b79305d70c394b389b84,070eb0ec60cbb5ef30afc53dbcb807e8,2019/5/30 10:00,RRS18,1,RRSZX104,RRSZX107,2,rrs_wd_746,305,103,2019/6/1 0:01
a28d8b346f60a10606fba692e5077f73,160582495c5148bb39cd90551f8d4ce0,2019/6/1 0:01,RRS18,2,RRSZX104,RRSZX107,2,rrs_wd_747,305,65,2019/6/1 0:04
9951ce02d28b44284211d6b6edfdc968,0df2b7f087a47d943b929857bc5c7fc6,2019/5/31 21:36,RRS18,1,RRSZX104,RRSZX107,2,rrs_wd_945,305,46,2019/6/1 0:01
5e45128dd9bd82cb4cf6594a30ee5dc0,116f05d23c16813b07561a1dcc1468d2,2019/5/31 10:58,RRS18,2,RRSZX104,RRSZX108,2,rrs_wd_2610,127,83,2019/6/1 0:01
b79a697fc437da797d2af097db4adde5,097b4c8519e212584bed0316c80bba45,2019/5/18 20:03,RRS18,2,RRSZX104,RRSZX108,2,rrs_wd_470,127,26,2019/6/1 0:00
2e7aa00e2b61ad3f348f2aa56a198790,0380f38bff9d3b491842337931aed722,2019/5/31 21:48,RRS18,1,RRSZX104,RRSZX108,2,rrs_wd_6238,127,124,2019/6/1 0:01
322257d162ab80dafbc8415eaba3e306,0fcd62d143d342653ff21bf72089536e,2019/5/31 10:58,RRS18,2,RRSZX104,RRSZX108,2,rrs_wd_7231,127,21,2019/6/1 0:01
7b23c0981c9259e6cf776ca6e4f26ec8,1546aa6c38b25ea1814a8c565d3289e7,2019/5/27 0:31,RRS18,2,RRSZX104,RRSZX109,2,rrs_wd_6661,232,58,2019/6/1 0:01
c854da5e76873a812a0507308f07b42f,010067598d46a6bd9242f9ad3a3d169c,2019/6/1 0:01,RRS18,2,RRSZX105,RRSZX105,2,rrs_wd_634,0,95,2019/6/1 0:04
68d53c14403c233da010afe554b5795c,011dd03fbca505e42cc6e1b1952066f4,2019/5/31 23:26,RRS18,2,RRSZX105,RRSZX105,2,rrs_wd_6964,0,147,2019/6/1 0:02
c41a32618ce67542fa60081d2ba55789,083daa5216afa9313415d54fe72b0d9a,2019/5/31 20:53,RRS18,1,RRSZX106,RRSZX106,2,rrs_wd_4780,0,124,2019/6/1 0:01
bd443429502f470d2d98a686b4f018e7,105daa5ae2d57775c02c1a44fe2b00c9,2019/5/31 20:08,RRS18,1,RRSZX106,RRSZX106,2,rrs_wd_5963,0,3,2019/6/1 0:01
5575591c365d3de5b5c6acfef1c1022b,17174f38b09a1c5aede3b683e52c3c42,2019/6/1 0:00,RRS18,2,RRSZX106,RRSZX106,2,rrs_wd_6460,0,137,2019/6/1 0:03
11938d8116cf2ea121a508fa1e2fb24f,178ea945aa21e1fb3c89104a27b90277,2019/6/1 0:00,RRS18,1,RRSZX106,RRSZX106,2,rrs_wd_7128,0,5,2019/6/1 0:03
de6769e63a18e46b49199b843d09bf97,05b8d99a54f6a91b2334dac4454e073c,2019/6/1 0:00,RRS18,2,RRSZX107,RRSZX107,2,rrs_wd_1863,0,59,2019/6/1 0:03
6914445854a1ae505760f727a812626d,0ed9ab7c05c57c2a1b05d1efadc3b9c8,2019/6/1 0:00,RRS18,1,RRSZX107,RRSZX107,2,rrs_wd_3862,0,75,2019/6/1 0:03
640943d185ba045508b97c3cb0bb851c,17e1d690d05a43344ca120783a1b0660,2019/6/1 0:00,RRS18,1,RRSZX107,RRSZX107,2,rrs_wd_5685,0,17,2019/6/1 0:03
e61c842571d0d56456b2deb87a6ef245,025476cc6a9b255d27ffc7160f32ee94,2019/6/1 0:00,RRS18,2,RRSZX108,RRSZX108,2,rrs_wd_169,0,48,2019/6/1 0:04
16d0bf083aa0788733e5b05ae63e9e25,17a8db7d9cd9fd5ca6f099f25ad644b5,2019/6/1 0:00,RRS18,2,RRSZX108,RRSZX108,2,rrs_wd_169,0,48,2019/6/1 0:04
9c732036e98e7e991d6d8f73c7c942e4,0270c923b0a95a04e98a775b4061e573,2019/5/31 20:38,RRS18,1,RRSZX108,RRSZX108,2,rrs_wd_3448,0,93,2019/6/1 0:01
149f0126841b4f7e7c82d01bc738a653,12e734983d71febc62ac6ff41484d2f8,2019/6/1 0:01,RRS18,1,RRSZX108,RRSZX108,2,rrs_wd_6893,0,120,2019/6/1 0:04
952acaadc216bfc7e0e99ec5545ffb68,0e16b4f670cadd6d9201c5d31c854de6,2019/5/29 9:52,RRS18,2,RRSZX110,RRSZX106,2,rrs_wd_5524,207,65,2019/6/1 0:01
868e67f1b961f52e8d1dc82c418198fd,14e2dd265bbb48daa2c7d742b1821cc2,2019/5/23 11:06,RRS18,2,RRSZX110,RRSZX106,2,rrs_wd_5524,207,65,2019/6/1 0:00
09f02125b7b705c14813892dba3ed117,18a219f542e19e698b5d009b2bf847e8,2019/5/31 19:58,RRS18,1,RRSZX110,RRSZX109,2,rrs_wd_2325,156,58,2019/6/1 0:01
2f98bb69d4ff257936511532393a667c,128b2d058e7acb2f3f0c775642e8826f,2019/6/1 0:00,RRS18,1,RRSZX110,RRSZX109,2,rrs_wd_6506,156,29,2019/6/1 0:03
7182e696086f4a02b8b2d18b909180e5,134cfc6db650fac2dcacf60f0a47f65c,2019/6/1 0:01,RRS18,2,RRSZX110,RRSZX109,2,rrs_wd_6604,156,89,2019/6/1 0:04
385e04a1e9f0d887ce27128d8a21e5d5,0de0435535b7d8bb4a889f37b8184239,2019/6/1 0:00,RRS18,2,RRSZX110,RRSZX109,2,rrs_wd_6604,156,89,2019/6/1 0:04
cced206d05f96a06de115ebde7f174a0,13d405bf11322d457becb88c3ff53057,2019/5/31 20:35,RRS18,1,RRSZX110,RRSZX109,2,rrs_wd_6661,156,58,2019/6/1 0:01
c8d9206d0c87cd74398ecd15e857d0eb,134c2178c345819d5ef34039c6bd80a4,2019/5/31 23:31,RRS18,2,RRSZX110,RRSZX110,2,rrs_wd_1370,0,80,2019/6/1 0:02
d1ea64eed2e1aa96a66d2faa5cc792f4,089aa8cadaa9ed4b6fc7ca2968347220,2019/6/1 0:01,RRS18,2,RRSZX110,RRSZX110,2,rrs_wd_2571,0,214,2019/6/1 0:04
ef62e6fe5a0219baed99da93157015e3,06cd6a61074993ae8f949bf7d99d6b0f,2019/6/1 0:00,RRS18,2,RRSZX110,RRSZX110,2,rrs_wd_2729,0,14,2019/6/1 0:03
dccba3e995d2c158b2fe7c559d35dd23,09408c3009693e1f224c3566d6f25c52,2019/5/23 11:07,RRS18,2,RRSZX110,RRSZX110,2,rrs_wd_327,0,102,2019/6/1 0:00
4c6b757d2b48631c807cd6a5082be7e7,16e386f7706d7c45ef0e1dec7d941c50,2019/5/29 9:51,RRS18,2,RRSZX110,RRSZX110,2,rrs_wd_327,0,102,2019/6/1 0:01
81b1082637391049b8572e56a028a2a8,163d32d57949bd6d793f0245dd915855,2019/5/29 9:52,RRS18,2,RRSZX110,RRSZX110,2,rrs_wd_3746,0,33,2019/6/1 0:01
68e3f65ca9061d3688d339d0240407f8,140edce15f91f884299988f39a9e3c0e,2019/5/31 19:52,RRS18,1,RRSZX110,RRSZX110,2,rrs_wd_3746,0,33,2019/6/1 0:01
16f68a412aa30683b5ebf1f846ec4bbd,12f95e2ad85a6b19dc6ad264ae5def95,2019/6/1 0:00,RRS18,2,RRSZX110,RRSZX110,2,rrs_wd_4204,0,226,2019/6/1 0:04
23c7b4886abeb30e03646fc0f8aea619,0bc47ec3ca4e5e97ce2f1ef15884bed5,2019/6/1 0:00,RRS18,2,RRSZX110,RRSZX110,2,rrs_wd_4204,0,226,2019/6/1 0:04
2729554386f7b762c000f81452534773,10de7327f6d754c2745e4700da4e7a8d,2019/6/1 0:00,RRS18,2,RRSZX110,RRSZX110,2,rrs_wd_5106,0,37,2019/6/1 0:04
edcba7c1567ec1331d77c383b88380bf,0862faf009f34be07e29ea7953e0a356,2019/5/27 15:09,RRS18,2,RRSZX110,RRSZX110,2,rrs_wd_5106,0,37,2019/6/1 0:01
d36544a26db6df2292509a472007d982,130db8d3742226af7ffa471e79929f3b,2019/6/1 0:00,RRS18,1,RRSZX110,RRSZX110,2,rrs_wd_6946,0,107,2019/6/1 0:04
5af583ea87046589e1f0dafef50b5de1,053c8615ffdcce3962682594d16eeeea,2019/5/31 20:13,RRS18,2,RRSZX110,RRSZX110,2,rrs_wd_6946,0,107,2019/6/1 0:01
b63ca3b25431ee977193509b08472c68,04cd41303a1e40a79838d8b3f9f250de,2019/5/23 11:07,RRS18,2,RRSZX110,RRSZX110,2,rrs_wd_7111,0,175,2019/6/1 0:00
289227c433a56920000774eb66c30185,035188628d5af77c3643de599084d162,2019/5/6 23:34,RRS18,2,RRSZX110,RRSZX110,2,rrs_wd_7124,0,63,2019/6/1 0:00
