"rrs_order_detail_id","order_no","order_item","rrs_mat_code","order_amt","location1","mat_length","mat_width","mat_height","mat_volume","mat_weight"
"726d49abf4e592928726aaabd6547f5c","035188628d5af77c3643de599084d162",2,"30ebfcad",1,"NULL",87,55,21,99917,13.1
"716db06bb9728109f04be7c8713ebe5f","035188628d5af77c3643de599084d162",1,"67265f6a",1,"NULL",105,73,63,487200,37.2
"2577929712e5e7f46bfadf4f338ed503","014ec2e96b8e6e7fb5add53c9fcd622a",1,"d639c5ec",1,"NULL",75,50,28,105768,14
"bb273f908b4491df3168039ebd9dbf1e","09408c3009693e1f224c3566d6f25c52",2,"edfc1669",1,"NULL",102,38,31,121262,12
"56a3bba4cf8b21c7e0f154291bff96d0","09408c3009693e1f224c3566d6f25c52",1,"fcffedb0",1,"NULL",96,39,63,237740,35
"ace7ee0cf209a770b29f9d5efc8a0e22","0d9e1d53cfc6eb26a1437c76b71c7c34",1,"061d5d50",1,"NULL",57,66,158,595690,47
"803075fb8c828f5971098e313cb8c6f9","0a9a97cf29ea21d72ce7de7fd2ede1c2",2,"3b8b19b8",1,"NULL",206,54,55,613240,42.5
"2949e398c80aa71016ed4f322a256dd3","0a9a97cf29ea21d72ce7de7fd2ede1c2",1,"169421cc",1,"NULL",104,48,76,376443,55
"048e0ba7d99716a5464713b9e2f552a4","0dbe8530d6b64880710c39904fcc6525",1,"4343b953",1,"NULL",78,75,198,1163313,84
"544b99fda46d7779365adc0211cdd5c0","0462ab2816466fd0cba6bb9a5d70e5de",1,"d359b2cc",1,"NULL",35,37,47,60392,6.1
"e10d038ec56710eb07696b89b0a0217a","0cd53494dff5b80d2b557a7c6ffec6b7",2,"957ee400",1,"NULL",97,43,64,270474,37
"ebdc8754eae279661fa1536dba7a6924","0cd53494dff5b80d2b557a7c6ffec6b7",1,"a4ab2f49",1,"NULL",103,40,31,129714,13.5
"d5e22f7e7e5ddb43e420cf2c8a2d4c3c","0e9e873dd1965d330a849a5a5d553d5f",2,"939746b9",1,"NULL",58,55,196,624031,43
"3bd2525968ca86dd478e54d46b7d8771","0f8b7519f5c331b0202a9e5d8a6f0d72",1,"119aa18a",1,"NULL",53,53,99,279098,29
"9e96dea837844ccfc495a014753420fd","0e9e873dd1965d330a849a5a5d553d5f",1,"124a60cf",1,"NULL",43,102,71,315352,50
"14c22d2d08b4e21eed7b46ae046b70f4","061d4f173724dbd72a76dc1c938462a4",1,"26f47370",1,"NULL",96,78,209,1550174,113
"0032db9e5cf465a02b4e5309721199a7","0422b03912e62e9e3f85cb34a35d42b5",1,"98f0831f",1,"NULL",75,71,98,518230,79
"7feb745c27081153d07f576bbb14ce1e","0d3abed6807e5d24e528e5a790b9b8f9",2,"bcee411e",1,"NULL",83,52,22,94692,11.8
"adfe8687b21aa0d39ad54dd05e6704f0","0d3abed6807e5d24e528e5a790b9b8f9",1,"e3beaf9e",1,"NULL",107,79,67,568417,33
"26c8619762b1a52d37884a1a8453f0c3","078e8539249c78cff4a7566ce34a65d0",2,"c56e00d3",1,"NULL",105,39,29,119919,13
"f7f56e75e937a4a06ace13d8ab1769a5","0249aaeee5c5ed7c0d6ba2729a26dd54",1,"fff5e149",1,"NULL",93,44,66,267831,36
"4dff7b6938bc7646ca61f876a9e67a8f","0249aaeee5c5ed7c0d6ba2729a26dd54",2,"fe818bd3",1,"NULL",106,40,30,128834,14.5
"bf32b291f4657dd96ea551c92177c693","078e8539249c78cff4a7566ce34a65d0",1,"3695fff1",1,"NULL",89,39,64,225705,29
"b8d79b4b6cc7bd1e25fcaddc56d7aced","0edf23c7003bc7ea39bf42d25296a651",2,"957ee400",1,"NULL",97,43,64,270474,37
"04e77bc583072371a79f35b70d158140","0edf23c7003bc7ea39bf42d25296a651",1,"a4ab2f49",1,"NULL",103,40,31,129714,13.5
"627f42bcb6c4c6cb764350cc294e16eb","121d0c916b062d62f5cc32d0e02b265f",2,"957ee400",1,"NULL",97,43,64,270474,37
"8fc0019ab258ad7a8f1bf9c2e41784a4","17c3af741ead7d934dde04a23793c906",1,"ada6b769",1,"NULL",107,15,66,107643,8.4
"a482e599c9af6aae05dab7f9488e81ce","121d0c916b062d62f5cc32d0e02b265f",1,"a4ab2f49",1,"NULL",103,40,31,129714,13.5
"8c129e922cc26c510c0f7011da220845","12b38380ea9c1f67087d2d3397dd2b41",1,"1f4b9757",1,"NULL",16,147,87,202728,21
"1bb1018866f2472f7335d4ff629aa40a","07ec54db0719cdfb377198038bd13437",2,"69f68cba",1,"NULL",55,59,196,635758,41
"482869fa9030f0b54cbee31af01fbb08","07ec54db0719cdfb377198038bd13437",1,"648cfd55",1,"NULL",101,44,71,315352,51
"c8151c8ddcaa3f042c72001befae5d2d","1810fe6fad2d44a7b0da1d8d3121be7f",2,"957ee400",1,"NULL",97,43,64,270474,37
"46734ae2cc5f638a35b7c0f0fd41f33b","1810fe6fad2d44a7b0da1d8d3121be7f",1,"a4ab2f49",1,"NULL",103,40,31,129714,13.5
"ad9739a43bff75d7219d03aff79b744a","000065e57e1c3e6b26693820b1fbd49d",1,"d62c82e9",1,"NULL",75,71,98,518230,79
"abf007855a508eb3a82ac21ceaa216b2","11b0641ddec9387815a29aa8a7fa9b06",1,"166c2f58",1,"NULL",86,47,27,108168,15.5
"aaa132a5da661a667fcd8fae63710486","14e2dd265bbb48daa2c7d742b1821cc2",2,"edfc1669",1,"NULL",102,38,31,121262,12
"e3fe08944e4d2a9296cc84951711c6af","14e2dd265bbb48daa2c7d742b1821cc2",1,"fcffedb0",1,"NULL",96,39,63,237740,35
"ddf2ef413d0fca4cfef3ca82a420c5b8","0a160f2e07a657a61c013010507d5149",2,"957ee400",1,"NULL",97,43,64,270474,37
"593956a573aaed45fae0cc484818ef0d","0a160f2e07a657a61c013010507d5149",1,"a4ab2f49",1,"NULL",103,40,31,129714,13.5
"8ed0433443f9cb39edeeda37b88df5d8","04cd41303a1e40a79838d8b3f9f250de",2,"edfc1669",1,"NULL",102,38,31,121262,12
"a055cb40c7442ab084ad9265c490a609","04cd41303a1e40a79838d8b3f9f250de",1,"fcffedb0",1,"NULL",96,39,63,237740,35
"8ee41bcdb8a591d11efe588a787f9006","097b4c8519e212584bed0316c80bba45",2,"ac0065af",1,"NULL",100,30,37,109373,12.5
"b2c1069d8673768015828581e7269081","097b4c8519e212584bed0316c80bba45",1,"419e62a6",1,"NULL",97,37,64,231748,38
"a4ffcbbd3b5f74752bb54f5036c0a4e5","020f8bfff1ce76560c9b9c8632fbd6a2",2,"957ee400",1,"NULL",97,43,64,270474,37
"fa3b3c3b4098cc09180e181b673a72d7","020f8bfff1ce76560c9b9c8632fbd6a2",1,"a4ab2f49",1,"NULL",103,40,31,129714,13.5
"356c5c93f90242ac14ec3e7fb3f82004","06021dc5b398e40d5ec7114bd6e4c24b",1,"1f4b9757",1,"NULL",16,147,87,202728,21
"90a315965a51665b242d9640f625136c","0b58e682c9ea5505bd758994e7dac5d4",1,"5bea70c9",1,"NULL",74,55,25,101293,15
"57a02af932ddb293ba6cb63b62968506","1868a2fe43195406766962c736be4e7c",2,"957ee400",1,"NULL",97,43,64,270474,37
"b4448a92f5ea6df1d84410c97674b91f","1868a2fe43195406766962c736be4e7c",1,"a4ab2f49",1,"NULL",103,40,31,129714,13.5
"9e5935f03d1f3b5ee055bf4e6b4e9863","058743cfb6d065ef01b7d02b3236f4c8",1,"a2f9cfed",1,"NULL",67,61,76,315808,28
"cf2aa65e3d2547e12a948c17a1e65fc2","1adae82ca9b336351f78fb712805e2b5",1,"1f4b9757",1,"NULL",16,147,87,202728,21
"44541eebd52d94d31ce710983bd3b2ba","1070f1e0345f0fc8db278b8ce1c5decf",1,"1f4b9757",1,"NULL",16,147,87,202728,21
"6b6d458adbfb029939237bc33451e2c9","19b664eb56dd1093db342eaf4b31ddd3",1,"baa7f2df",1,"NULL",160,23,96,356109,25.3
"dcb54d3592ff8f4268681863ffb33615","173cf68039a9ada690cad419fb3e8711",1,"d6e14af8",1,"NULL",71,75,100,535326,84
"8066cc09cf6c305c7f97abccce27acd9","11b9869557c1eb2a6ad0d4d2e8ef916c",2,"bcee411e",1,"NULL",83,52,22,94692,11.8
"69c235bea3c1653618d6bd40dc527106","11b9869557c1eb2a6ad0d4d2e8ef916c",1,"09cda83a",1,"NULL",105,68,59,425562,37
"d58784d11a3a40d05902421aa0c34294","0f3e8445a09be7238c06a87f2a7f07b2",1,"1936c558",1,"NULL",66,67,108,473961,39
"a0b21fdd47363b58a5408670ad8c22f6","105e680f4e06a59cb8ec274c6dfc2a67",1,"3721993e",1,"NULL",61,62,100,376397,28.5
"f91197609a04d5048aa7a8eb748508d9","06da4fa4bc964ea8db260a49668ac83e",1,"191631cb",1,"NULL",67,78,194,1025137,75
"b5324ed30a5ad36d3035df6abe244c05","13807a446e72064e21e4d6f901bc99e1",2,"957ee400",1,"NULL",97,43,64,270474,37
"5ba925a991b08d0bfc4417b1758a3e9e","0253ef3289c3418b39cdab0cc2db17c2",1,"13e9cef3",1,"NULL",77,56,24,102603,15
"5b05b64b9a0c08fb918831ff044a5843","13807a446e72064e21e4d6f901bc99e1",1,"a4ab2f49",1,"NULL",103,40,31,129714,13.5
"3234b23b56563bb35d10c1a78f644a1b","0066a7c6603a16ae9f2c0d41fa906483",1,"d62ffadb",1,"NULL",144,15,88,192635,19
"21b9755e35d78d3e03fa50b5e7891809","0b93794736ee8c2d97046fda0475117b",2,"ada4e3c3",1,"NULL",108,38,31,128763,13.5
"a9d025f5555cdb1661ebc4ab64eaea4c","0b93794736ee8c2d97046fda0475117b",1,"c5464f28",1,"NULL",90,42,61,234930,32.5
"dd72f5baca823126184272fe6aca51be","163d32d57949bd6d793f0245dd915855",2,"edfc1669",1,"NULL",102,38,31,121262,12
"571d9afd4c4dcb4ad446c24c2f28d053","163d32d57949bd6d793f0245dd915855",1,"fcffedb0",1,"NULL",96,39,63,237740,35
"05da4b2c1c3aaad6582e21fdf2e5f8ed","1546aa6c38b25ea1814a8c565d3289e7",2,"957ee400",1,"NULL",97,43,64,270474,37
"9fd1a3b2f47895b2ac4b5122c8643536","1546aa6c38b25ea1814a8c565d3289e7",1,"a4ab2f49",1,"NULL",103,40,31,129714,13.5
"21dd5129fb0a75bfd51b5e064ffc1b8b","16e386f7706d7c45ef0e1dec7d941c50",2,"edfc1669",1,"NULL",102,38,31,121262,12
"dbf96afeab90eaf9c5247d8101359429","197a03a0815fba37a4d688d75a95fa43",2,"4d7cb959",1,"NULL",88,57,21,105938,11.5
"f0a7e33fecc146dbdb089ef70afd5353","16e386f7706d7c45ef0e1dec7d941c50",1,"fcffedb0",1,"NULL",96,39,63,237740,35
"ce92224aa40085ff150d98da616288a9","197a03a0815fba37a4d688d75a95fa43",1,"b23e30fc",1,"NULL",93,69,54,344502,33
"42ec433d029a1f35165930727ba38e23","0057a7ea0b254a3649c87dbcb4f5f752",1,"401d4fd5",1,"NULL",90,77,201,1398671,97
"6d1efccf908f978873a5d345f9948259","085dc92578c897bd13e30dc30a15e3fc",2,"4d7cb959",1,"NULL",88,57,21,105938,11.5
"5de59b37b7bee55b365217b504a158c4","085dc92578c897bd13e30dc30a15e3fc",1,"b23e30fc",1,"NULL",93,69,54,344502,33
"1c3c0e00d3f0bc5b2ba3574717a933cb","06e21743c3f0dc63716c24d2dfb84d5e",2,"ecd8ccec",1,"NULL",88,27,35,83258,10
"33a2382a2879d178ba74a3f9a5d217fb","06e21743c3f0dc63716c24d2dfb84d5e",1,"0c9a77ec",1,"NULL",88,36,61,193886,32
"7811743cd9c050452a02de6b45ef9538","158392116198dfb2acbb6ae01024ca31",1,"9f39d0d9",1,"NULL",66,59,167,643079,35
"fa7ff13ede88ef4cda29e40080a6a13b","153f5aabd736e41e46d8e7608673111d",1,"b94055f8",1,"NULL",116,24,73,205486,13.5
"8d1237344deb1b4df2400236532c4f90","0d33e879da027f8186823757f941a210",2,"53d441e4",1,"NULL",100,41,29,121311,9.7
"b23844f3248b2486c9daaaee0b04c816","0d33e879da027f8186823757f941a210",1,"7dd6ce55",1,"NULL",97,37,64,231748,27.5
"e40ebb5628decdb0811956ef3f46ef6f","0c0e9e00fa32c13b5186284e28c33fef",1,"88d490d8",1,"NULL",68,61,76,319434,27
"835e8ff576ea571213a3a04bf1804b27","10eb7df181cbc960ef6c11f130e12049",2,"edfc1669",1,"NULL",102,38,31,121262,12
"faf4f00112d2f92b9c3f697ff59d79fd","10eb7df181cbc960ef6c11f130e12049",1,"fcffedb0",1,"NULL",96,39,63,237740,35
"f8f1af8ad5f366e574f682b8d53c7806","097680d7299cac6b2e0d7c96f267417e",1,"d62ffadb",1,"NULL",144,15,88,192635,19
"6e80159e7a183d43a5fefcfcdb879f60","0f167fda9e27e44df5efe3b451d08e49",2,"edfc1669",1,"NULL",102,38,31,121262,12
"687788441bb4b5c2b9039b2bedee00fa","15991b1fce8630270153a4ce6870a5e0",2,"80d69618",1,"NULL",92,38,62,218403,36.5
"7787187c4b858f3779da4846beb1bec3","0f167fda9e27e44df5efe3b451d08e49",1,"fcffedb0",1,"NULL",96,39,63,237740,35
"fc4c9fdf8ad581b6731d6196d15cbcbe","15991b1fce8630270153a4ce6870a5e0",1,"e5ad9573",1,"NULL",103,40,31,129811,13
"a188c33d726aa648fd203e8ad119cef9","0dace4fbe864956411962f0c3792bcba",2,"80d69618",1,"NULL",92,38,62,218403,36.5
"45c745f8410de862cb9fb878e37e182a","0dace4fbe864956411962f0c3792bcba",1,"e5ad9573",1,"NULL",103,40,31,129811,13
"fef69e36437915b167b58766132e107c","02e51bebbc9ee5df08b1598012969fd7",1,"d62ffadb",1,"NULL",144,15,88,192635,19
"5fac5d99ed85a20852b1b1b8833ff69e","039e320e9e73d217c5d0fea7986fcdb4",2,"4d7cb959",1,"NULL",88,57,21,105938,11.5
"e3a9d0a6705e77f029950e59742eb8c0","121b4061fa95440638076c3834b9c789",2,"2ff4876a",1,"NULL",97,37,64,231748,31.5
"72e22112eaa707994785cb5a8502d7dc","077dd78652809eea9f1cd1d67c395a17",1,"709b374b",1,"NULL",85,48,23,92002,9.9
"e8703ea95d783d99b0acbbe1612324ad","185e58d0ac1b02ef51d0e3f2b18f2cd6",1,"f9b46c8b",1,"NULL",83,53,26,113992,13
"9790243c2a57c0d681fc7cb4f33a4a7a","039e320e9e73d217c5d0fea7986fcdb4",1,"b23e30fc",1,"NULL",93,69,54,344502,33
"2e1449b16ddd8d0e9a7df21c5b6c853b","121b4061fa95440638076c3834b9c789",1,"87541bdf",1,"NULL",100,30,37,109373,11.5
"bbb159e220fa33176528ab14bbd18597","0e16b4f670cadd6d9201c5d31c854de6",2,"edfc1669",1,"NULL",102,38,31,121262,12
"cf778898a94e48ceda287fbee24e4702","0e16b4f670cadd6d9201c5d31c854de6",1,"fcffedb0",1,"NULL",96,39,63,237740,35
"378fd9375bc92794e63b1d6f1da75e6c","116f05d23c16813b07561a1dcc1468d2",2,"edfc1669",1,"NULL",102,38,31,121262,12
"00bd8f49cf2954fddb0eae858dc1a26f","116f05d23c16813b07561a1dcc1468d2",1,"fcffedb0",1,"NULL",96,39,63,237740,35
"f183f32543e95585c909ce22017176ce","13173304f90777f35ea2c8817af7fb7c",1,"b39cea8d",1,"NULL",100,75,71,530908,80
"55ec5cfa7d3fded8baf5e6d86e8ebf99","00f17052b54fcc9fe5920a553bc24d38",1,"99436f4b",1,"NULL",60,59,96,339922,27
"2c6114ff1f21182920b96dcf9755d35b","0862faf009f34be07e29ea7953e0a356",2,"b793f0e3",1,"NULL",97,37,64,231748,50
"9d72bb9127b4ea9a9626b1a5cf5d24c3","0862faf009f34be07e29ea7953e0a356",1,"c9f5e34e",1,"NULL",100,41,29,121311,25
"2da09c590de5f3085733674039ac3eb1","184c38a55a59454fcce96fb175b33ea9",1,"66cf0931",1,"NULL",68,58,108,425633,33
"c492e74e36fe1be1099831bf6890ca76","0077557fbd968e765acb334d5bf46b8f",1,"e8c8b130",1,"NULL",32,29,48,45294,5
"701a986412f33a288a8ca1b407d368d7","07a04c8fec11805fa09229c6f7e2d56e",1,"f2a1317e",1,"NULL",80,50,22,89480,11.5
"70ba248ef51d4ea7e88aab22e08f50fc","19a74c7df2ef91771bc07a8ce92fe9c4",2,"edfc1669",1,"NULL",102,38,31,121262,12
"0a9af1fe264b90421fd3604318f0dda6","19a74c7df2ef91771bc07a8ce92fe9c4",1,"fcffedb0",1,"NULL",96,39,63,237740,35
"d1384e0f9be448299550796baa83e000","123d699e6831a6a7c3e53d5886196857",2,"edfc1669",1,"NULL",102,38,31,121262,12
"cf84bc90abc43e9d943e1ba2be23a6bb","123d699e6831a6a7c3e53d5886196857",1,"fcffedb0",1,"NULL",96,39,63,237740,35
"8590daf6b03e19c876618795d686d1b9","15b02685928402b4faf441c589dbd6d8",1,"a6bf9791",1,"NULL",53,55,95,275529,28
"651a8be723813bd69f095c5039100344","10639890b5c51c1ada58349633cb2fe2",2,"e27a51ae",1,"NULL",88,62,35,192243,31
"864fd4857a2ab8c25baafc8e1f8b5c64","10639890b5c51c1ada58349633cb2fe2",1,"ac5cdea2",1,"NULL",96,40,28,107237,12
"85b0af8b39bd250533866c876106303d","01f0b55b023196489b55b6c150a66f5b",1,"63177db9",1,"NULL",66,59,153,588756,47
"03042b3ce20fa7f0e77f30bea124a064","07f6fb147c3856f613b836b969b6d384",1,"65a1a104",1,"NULL",78,75,198,1163313,84
"e343f02f8c4322d7e69c018174a23fc4","02014419a0742a67d9a4c4fb099b7065",1,"3721993e",1,"NULL",61,62,100,376397,28.5
"4c6e990851239bfb4f621f5dea78c975","070eb0ec60cbb5ef30afc53dbcb807e8",1,"9f39d0d9",1,"NULL",66,59,167,643079,35
"6fc50db7bc4b1108fcd49b8b724b0f4c","158253c044c7b47c20abe7322ba03e2d",2,"28579980",1,"NULL",186,46,37,320287,28
"a21fdf60987e97ddf58fc2f5f8627eff","158253c044c7b47c20abe7322ba03e2d",1,"c16b5642",1,"NULL",96,41,63,244475,47
"aaec111f7da5aa22c0e7382eec69a69a","0e9fe2af155e7c59f78d840e8c051e43",2,"edfc1669",1,"NULL",102,38,31,121262,12
"ebee9188dbcfd3cb94a11c5688665710","0e9fe2af155e7c59f78d840e8c051e43",1,"fcffedb0",1,"NULL",96,39,63,237740,35
"a2d2b7f3ddae7bba9d75945e4cce5e66","12779a4fea7552ccd0cf452820f35dc7",1,"afaf8724",1,"NULL",93,69,54,344502,33
"0178f20b129d831d7773ffe864703112","02ed7ef90742a0ead011a681525a1e3b",1,"6d48a080",1,"NULL",95,58,109,601621,27
"4a5c8645a0c22ea3a4bd43622a6a6e66","0d0a09d33b1190313a392d619e9d223a",1,"6e0b602b",1,"NULL",93,39,29,104231,12
"ee4d4306920a2798a4f26ac95f7ae8f2","0fcd62d143d342653ff21bf72089536e",2,"edfc1669",1,"NULL",102,38,31,121262,12
"790981c128b37a8f1942182d65c10caf","0d0a09d33b1190313a392d619e9d223a",2,"117c0e2a",1,"NULL",88,36,61,193886,32
"4968e26741f109a986455b69f37ed3c6","0fcd62d143d342653ff21bf72089536e",1,"fcffedb0",1,"NULL",96,39,63,237740,35
"968a1b0974391d1aba48ef1832f364c2","033606fb1d61512b247f7002e1e8f8b8",2,"05fd2248",1,"NULL",89,38,61,206720,35
"8761da17c1586ae3f198e4d050f9d2c5","033606fb1d61512b247f7002e1e8f8b8",1,"c7671476",1,"NULL",102,37,29,108069,11.5
"179b810564afd107ebd4ce8f77229467","057aacacc7647ce61fe847c990da7e60",1,"0c09a62c",1,"NULL",88,36,27,83258,10
"7d386a1945b73269596fab13c3a773a3","057aacacc7647ce61fe847c990da7e60",4,"e9cded56",1,"NULL",93,39,29,104231,12
"b2774fa398a8f3df0d116484994e5bda","057aacacc7647ce61fe847c990da7e60",3,"0051803f",1,"NULL",88,36,61,192243,28
"0732908d02e79d857cbb092e13b4afae","057aacacc7647ce61fe847c990da7e60",2,"2b696370",1,"NULL",88,36,61,193886,28
"8677705a65630cdfb14057b2db4b353b","14853e7a684ae15e5e2b3da57e1188c3",1,"4776d74e",1,"NULL",88,69,53,320652,26
"617e8ef796f46625605c4857d3f351bc","10f1886e9774684ab1fe493b41763318",1,"f6bb444b",1,"NULL",84,55,24,108540,13.7
"0db5eab538d22642c390df8a948442fb","0da95e604eb6091c4606722b008bf0c0",2,"e1e47e28",1,"NULL",88,57,21,105938,11.5
"0e7bf44034c4151c76ac0f6beeae59ef","0a2a41bfbfc109073a923eb48fd002bb",1,"8ce49da2",1,"NULL",100,61,27,161992,14.8
"8ffcfd6ad067c19c979b2449417eaf09","0380f38bff9d3b491842337931aed722",1,"5ce11948",1,"NULL",103,72,193,1420220,92
"8e800f38a129edb73a400219a71ae576","0da95e604eb6091c4606722b008bf0c0",1,"7b14fcad",1,"NULL",103,73,65,490537,33
"c93ff6b6a6841b13df937944df7763c6","10bbc3e288fc4b042c13ecee32b67593",1,"2292ec07",1,"NULL",68,69,106,498833,37
"cca5ff7a002664e64dc90393098f40c0","0deabc3bb44b51151a440195993fe5ca",1,"7598140b",1,"NULL",85,14,53,63920,8
"af8e93be33b21dedcc9c48498829a7c2","08fa9605ae22cdc87c1a358f0760eb16",1,"993166d6",1,"NULL",94,72,192,1296837,91
"4e32f5a37a95ff0ca5984f37324969b4","0422baaccbd32af822454e834090e9f6",1,"2cc544ae",1,"NULL",113,16,68,126919,10.6
"83d1f14c3835f22a4327999b7a61019c","14a49aa8053fcbde50cff8c0c69e1bd8",1,"185705b0",1,"NULL",63,64,105,421587,34.5
"f797318b03b14cb99287a715841e9ff2","0b2527cec6f79b98cc2e4a46f6babad2",1,"d2ee535a",1,"NULL",89,14,56,68430,5.5
"f4ed290f95eadc9f965ceee241336dfc","020542e898b760c1ee66f4c69c34360c",1,"d1362fa2",1,"NULL",174,19,102,331417,21.8
"a07a0ce7bc91e39f196826f50a4cf1e4","083eef1595195d58cc749568d9190210",2,"ecd8ccec",1,"NULL",88,27,35,83258,10
"d85e57d60f624ca8f00808f7cd271918","0e3c51268144f1ebabfb6f99e2362b47",1,"185705b0",1,"NULL",63,64,105,421587,34.5
"da5344d7aa308bf01da710a0a327a759","008aef7d519153f86e3cc0cc25c33caf",1,"30f351cb",1,"NULL",61,62,101,380317,30
"06e2f047ddb1ac8acc39427c791e6ac1","083eef1595195d58cc749568d9190210",1,"0c9a77ec",1,"NULL",88,36,61,193886,32
"7fa332a6136f13a82a868938d8666d60","124e1d64db0ac1596d95ae341d35b378",1,"4acb2e4c",1,"NULL",87,14,54,63947,8
"c274a006288b56483e064bd1e1cbb72d","0b995a3574f4b597850118d466871b0d",1,"4acb2e4c",1,"NULL",87,14,54,63947,8
"effde3c5cf56f97a2d33aca254910628","186d6f25cb6a6a277d10d99441515a68",1,"37eb2042",1,"NULL",116,17,72,140569,11.5
"a033054f1bfd0f798f4dbee0e284b9c8","17b1808c4880c7581567b54ad8b76bc6",1,"3721993e",1,"NULL",61,62,100,376397,28.5
"05a73d39acdc007bdf0c073d431a19b6","0c1a305ce890accb7df05e7e93028596",1,"83dc44ef",1,"NULL",103,72,193,1420220,92
"344975973dabee63db7cff8b7ad77eda","0b2fe1db9596e16ae58e94268c0b7d4e",1,"e8c8b130",1,"NULL",32,29,48,45294,5
"40fb1f7cc7670c248a9fc34094a01338","087c8a50371f6f66ab310dc113fe8311",1,"05bf071b",1,"NULL",107,14,66,100416,8.5
"e4e0e9e06285ab2d4c37305d86a20f1c","084798804559be758316e0ba6a496428",1,"d1362fa2",1,"NULL",174,19,102,331417,21.8
"d6699aa718940afe3893079459419e6d","121b79ebf46d93ed00cea5c1de60ca4a",1,"a85789a4",1,"NULL",135,73,98,970623,58
"4b6bb520e716c944f6c0ad29035d4f87","15573623c714cde1d89bd9ebb2799881",1,"30f351cb",1,"NULL",61,62,101,380317,30
"258405bec82369ee3601525b02958a73","03d53fcab061bf8e335d6f211d9d34a1",1,"3721993e",1,"NULL",61,62,100,376397,28.5
"432cc45754a809dec2b2c565b3437e18","1975ecbf6cac6a8fa38ecf447e677333",1,"447b38d8",1,"NULL",65,69,183,823861,50
"cf0a27c59664401b56ff01b4847409fc","0d9d8fdd6a828013d47d91a90bd3a5bd",2,"ec857729",1,"NULL",97,42,64,264100,36
"3689655f9593121fe770fae69a04be6a","0d9d8fdd6a828013d47d91a90bd3a5bd",1,"11a9d99b",1,"NULL",103,38,28,110261,13.5
"f88ababe5cbe6f4867bb0980916b3fc4","140edce15f91f884299988f39a9e3c0e",1,"817354b5",1,"NULL",62,66,188,776967,60
"ffe70553aae5e7c484855bf2a84e462c","133fb1410be2e0fce0a86a1e54bb1f05",2,"3b8b19b8",1,"NULL",206,54,55,613240,42.5
"06e3cc57d4226ff23ecf22fcbb179c88","133fb1410be2e0fce0a86a1e54bb1f05",1,"169421cc",1,"NULL",104,48,76,376443,55
"7191e6e08455fa7d0adca0fba093fb9f","058faf7a4d8650791af8fa7d3f18450d",1,"97985558",1,"NULL",85,14,56,64966,5.5
"2f84cc27b4e3a216286c3dee62369d2d","00a417c6f52083c404813669d6e78d99",1,"a8794cf5",1,"NULL",103,15,64,98664,8.7
"7ea9dd320f9899b67d63fbe7710d6b76","1429eebaf45b32abcdb5a4e97ab8eb45",1,"e146eda9",1,"NULL",131,15,81,162935,16.5
"21f7b11e91f8113f716c3a3cd89e2890","00e2f1bf8c7d2614be0e5bef5ac7d9ea",1,"b64adab5",1,"NULL",67,58,164,632322,46
"279b940e7199a8a4cb1e92d4fb95d483","105daa5ae2d57775c02c1a44fe2b00c9",1,"447b38d8",1,"NULL",65,69,183,823861,50
"c3349fc7cdb8418f61e3194fffb8fe1f","18a219f542e19e698b5d009b2bf847e8",1,"d2d6c359",1,"NULL",67,77,186,959867,64
"f5f6c186e5ee89c0e4bf92eb8024ad4d","083955741e93be0cddf2faf19c3525f5",1,"3721993e",1,"NULL",61,62,100,376397,28.5
"40694207c34dfac2cf2979b15b06769e","05ffe9ff2623cb823e28fe5490d4f357",1,"3721993e",1,"NULL",61,62,100,376397,28.5
"c10cf9124679352c5a0dcf012127f215","06e43216f2a12b1aaad634dced9871b7",1,"0d2a2043",1,"NULL",88,69,187,1134508,78
"4763150c21e6434e97b538cab2f3ca1e","0524de107bb01381e952f2b3341195d8",1,"22a06978",1,"NULL",75,68,188,956074,67
"478852d411bf0fb91122393f33a1500c","143fdb7d9f9adf677637dfef8095a02d",1,"7598140b",1,"NULL",85,14,53,63920,8
"45bb1fe7948988afe6d335f70cffa7af","08670c487634df09fadfed8fb1d62918",1,"e76269c2",1,"NULL",103,88,197,1773238,122
"2d2691c536d7b4bef59644cad7a81fd4","053c8615ffdcce3962682594d16eeeea",2,"cb2cb2b9",1,"NULL",88,39,56,194269,29
"703f8883a779755a01e80295a0272b06","053c8615ffdcce3962682594d16eeeea",1,"ce7b63e2",1,"NULL",93,38,31,111261,11.5
"c6da510e169e518ada72d7624681c3a4","181f9851dffb0a69ac709ba26393513d",1,"d9f9851a",1,"NULL",49,101,82,407984,22
"7b2a80b902aa8669ac68bac4605a8d33","0ff4cfc27659a6c3842b11de1bcad04d",2,"b288c479",1,"NULL",196,60,45,529300,54
"7ea69d781257dc5fa0883d64e0a6d932","0151435c7550d2838ce421d6ab134280",1,"97985558",1,"NULL",85,14,56,64966,5.5
"4ab21f49c1269724245e72a195eb5fc5","0ff4cfc27659a6c3842b11de1bcad04d",1,"78f78943",1,"NULL",93,44,68,274979,48
"2cb0bffbe749d0c9049f59c1ab05e0e6","025e95abe1cfc9db4cee7e8a293208ae",1,"e146eda9",1,"NULL",131,15,81,162935,16.5
"f5e1ae81cdb7ae2d457adeec837256b2","005648d52a8b8892d7effa10148dee61",1,"d065260e",1,"NULL",147,16,91,212694,18.7
"a179b8f08ae5578579dfea93b70b7428","068fe12263879bad70431ca9cbf17446",1,"63177db9",1,"NULL",66,59,153,588756,47
"d2020c0bb6b4413c05d90f5c89896b81","195c8810307b28c4c1d744bbac518255",2,"3b73c422",1,"NULL",89,39,64,225705,31
"c033bb264af57449fd5ad44158b25535","1777796849f837a179ef6ce853150aa4",2,"a8f07f1b",1,"NULL",96,39,63,237740,35
"934ce79f42e3b37023a42766c53611a0","1777796849f837a179ef6ce853150aa4",1,"8d5d04aa",1,"NULL",103,38,31,122512,13
"3f3de14688efe6515f2e36cbfa74b6a1","130c03182cf0ae11d64cd8c61c2a550f",1,"d9160730",1,"NULL",52,47,93,224376,24.5
"b11c4727581c18e753ab50768fdc5fca","195c8810307b28c4c1d744bbac518255",1,"48d88489",1,"NULL",103,38,28,110261,13
"a02f5aa97a385abef16f20aabfb86bf7","184aa60ee05a0ca32f0cf8e2219a37a1",1,"99436f4b",1,"NULL",60,59,96,339922,27
"3d184311c16af490b711308eec48bd46","19e24b0bfe1a38c9c9785efb0a452d4d",1,"91ad72c3",1,"NULL",131,15,81,163066,14.8
"7073cd796868e324322babfaa40e1f00","1496e2b7a9d1359cefe097972033b2be",1,"9c49adcc",1,"NULL",63,71,193,866335,59
"246ea80dee05bba8b201b2a4dd3105c6","17bd065e7810124a7fdf547c19215f8f",1,"bee3b061",1,"NULL",62,61,99,375001,29
"7ba829ed034c687d2d1c75b4dd6d2e76","04c3e9d74e5f811a2fa44e6be9433c24",1,"e845ce36",1,"NULL",74,45,82,268846,17
"d7aaf7178b7046ed8291bdefbe7cb2bc","0884378a065bb0ba49c1e6d45e6bf8d2",1,"abc7cd03",1,"NULL",61,56,95,322892,56
"402424891a580a9310075fb343d7f5e4","13d405bf11322d457becb88c3ff53057",1,"d62ffadb",1,"NULL",144,15,88,192635,19
"1de5c42c30a205026d40e5df54ffed46","0270c923b0a95a04e98a775b4061e573",1,"b251028d",1,"NULL",171,19,106,344696,28.2
"b43e38855f1c6e26eb8a3cfd8d9f767a","1330124be61c5a6df27f00356783f527",1,"c4e717b9",1,"NULL",61,62,101,380317,30
"46d76573fb56889197543ad168524b88","13cef0a8ddcec956a251cf901a0dd053",1,"d62ffadb",1,"NULL",144,15,88,192635,19
"ad579c9c22f1c96d1150260a6e233f0e","0fc52000191f50d6b03576527b9a675f",1,"dcb83e2d",1,"NULL",63,64,105,421587,34.5
"00ac21c2c784735e4d1adb3dad1f5d1c","19389021a079df4d7a80ca72d2c2ea6b",1,"3721993e",1,"NULL",61,62,100,376397,28.5
"0e368f7f7c8a34c4506565b8e9e173ff","1715240cb574312ea73d1f0f91c8b6eb",1,"90655b6e",1,"NULL",140,20,86,243510,17.4
"d38554e7667f0a304c7f0a3c48955503","083daa5216afa9313415d54fe72b0d9a",1,"d9f9851a",1,"NULL",49,101,82,407984,22
"e29811a568d8c78b4ee9d09d95a8726d","0257fe0046c32f0ec1cdae7ee93d1762",1,"e546b33f",1,"NULL",51,59,128,385781,30
"f1153af9a372e8d3ae7038893f6fce58","0a1b5bf0e87616e35f954dd29f7b72fb",2,"ac1e34fc",1,"NULL",93,41,65,249080,48
"64ba1d2277629a01192b2a83f7e4c833","120fb7808c34b5f92714fc59b954e60f",1,"7ef0b915",1,"NULL",71,71,96,480900,77
"40d4bb811a752a2f132cd0260cc08caa","0a1b5bf0e87616e35f954dd29f7b72fb",1,"706bb867",1,"NULL",200,52,51,531282,37
"3f922646cf0401576f51c40764059c4e","005fe2d6b557a7bdfeab94a0896ebeb2",1,"12ed103e",1,"NULL",61,67,183,744617,46
"32a25d63a50c4e0ab4961e020b8e5054","05707cfa2cda078a53c6d82bdd4204ac",1,"2b51bbf5",1,"NULL",61,62,101,380317,28.5
"bf83d90c627bd3597c19a29fb67dc7cf","0efcba49e08ccc761cbad3327251e44b",1,"5b57a6c4",1,"NULL",87,16,54,74938,6
"ed03e4dfd23251ff38c6ca9cacf92381","10bb47720db3de96a46f217d895f7519",1,"abd1a957",1,"NULL",56,64,96,348656,30
"1ad8e11a35f77aa7192f7d2c2362cf42","1b0e8cb862ae36ab914fc77f2590040b",1,"a3e68ce2",1,"NULL",90,19,59,99768,5.9
"f906b48767d492beb8625a84379f163f","01d9681234e7a7333a230d403771d939",1,"02739ee9",1,"NULL",171,25,102,443765,25.2
"77fe692e8fd16fddc6cd73c0c6fee19b","01100c478b1e9ec8017d406bb41993b0",1,"c4e717b9",1,"NULL",61,62,101,380317,30
"09b06af2333ce9b2aaea0f97f4a93ec7","1ad6d186d86ff3348314b4eb416da9f8",1,"d62ffadb",1,"NULL",144,15,88,192635,19
"ef5fd78490ebb8ebb9891e6348d04a7b","0b7ceedd22c1b4dabc3039c4400ef30d",1,"3721993e",1,"NULL",61,62,100,376397,28.5
"1007eeba5949035c7891a3ae30ce81d3","13b6b39de4b3177d1a4dc23c42ace3c0",1,"05bf071b",1,"NULL",107,14,66,100416,8.5
"c3c52f01c055485cfbcae2938fd2ae10","066354f15794dd8b9d35809159b4431c",1,"fbbe1be9",1,"NULL",87,14,54,63947,5.3
"07f66d746edf64ad861c213f413877ea","0d5209b1d959ba4c54cbbbe88df3bb71",1,"8fe313a8",1,"NULL",58,56,90,287062,28
"d60d1fda0dcda2f8b2f9dbd224c336fc","0812f9ff42a7dd314fc7881e2e79f9cf",1,"c4e717b9",1,"NULL",61,62,101,380317,30
"2346158a8f7279f1faf53f9334cddec5","159a2a1ba2dd24fb64fc6048e8377b89",1,"aa07a2f3",1,"NULL",71,71,96,480900,77
"4a598dabee4e961e2ff225604c470345","179896c666a8259b21705e0d03bd2480",1,"765cea22",1,"NULL",104,63,96,630458,45
"2a25d5d305130c38aa7aad1a2409ff08","18090cbc70383e07ccf8d11b83b6d736",1,"472437f5",1,"NULL",66,67,108,473961,40.5
"8803caccd4234bf354845d5cf85cf551","027d7b4fc0da49d9c2be745ad6b93da6",1,"9f39d0d9",1,"NULL",66,59,167,643079,35
"41d0af31267f7f2f065f52078abe6732","0aa65940bc94a78fd855fc766a1d5c93",1,"998212f7",1,"NULL",142,18,90,229257,18.3
"e49a97b1c5147d5c4ee8b23275a2277b","0b8c8f3e2fe3980a670511939a568730",1,"998212f7",1,"NULL",142,18,90,229257,18.3
"7cde760094615db9d58e24137714fcd0","13a4c506155ab45e10149d49e3a651e9",1,"7f1fca4b",1,"NULL",114,16,71,126045,9
"0d99e70978eb4d4f7641bc45a8b44c2e","07bdf445cfae06604841fec978f8eeef",1,"998212f7",1,"NULL",142,18,90,229257,18.3
"256e23224cdab10d704fe4b2b786b4ff","0df2b7f087a47d943b929857bc5c7fc6",1,"d62ffadb",1,"NULL",144,15,88,192635,19
"337567cacb413629f18d9f394940ad35","0276d8f71cb7057b7726fc53e5ae171a",1,"0684d35f",1,"NULL",87,14,54,63947,5.3
"81ea6f5617791cbb0b81ce9db73a32aa","1719e3c98266d8095aad9978c70165a3",1,"93cfc356",1,"NULL",87,53,103,473463,24
"9ccfe82d6d1dcd8662273f999561f18b","00b8e9fc7dc0abb70cf5d94bf3cc3eb0",1,"84523cf8",1,"NULL",89,38,63,216063,29
"aaf41b39c6af31520e22be2a701d466a","00b8e9fc7dc0abb70cf5d94bf3cc3eb0",2,"cd79bd23",1,"NULL",103,38,31,122512,13
"0b2445930172981b0b4365333cbe521d","0ac29dfbe330fcaa0106f88db8c1d6d1",1,"84523cf8",1,"NULL",89,38,63,216063,29
"3cbab9639065b709e9735cf4489bb8bf","0ac29dfbe330fcaa0106f88db8c1d6d1",2,"cd79bd23",1,"NULL",103,38,31,122512,13
"8e9e22615d87cdded0d24406dc4d154b","024f3bb1f5ba84785774e644e3e835fe",1,"e074e675",1,"NULL",107,14,66,100416,8.5
"16c08486fa01352d67f1956851d32217","1364b2e4515136139eb32f4d18b5e3df",1,"83dc44ef",1,"NULL",103,72,193,1420220,92
"c97c300a4987165bfe6cecdab2830367","15bada438ca81588772f6dc72c51b8c7",1,"138dd305",1,"NULL",86,27,61,140002,5.3
"1c17522a716e23b3c849cd4f9de5c30e","081b7ac9cde7e8246b5c52892ce87561",1,"d62ffadb",1,"NULL",144,15,88,192635,19
"06f8da219541473f29e6147314346de4","0262d4b726268b4ae11d26f60324c331",1,"5269f1da",1,"NULL",56,59,93,305761,30
"f0ec6dabd0915d77cf8e865123ad68b6","0dc3402d65b35f6928f5b7b00413eb38",1,"13ec5ee7",1,"NULL",83,53,26,113992,13
"775082459b953f88a27b367393b0614f","00215f791e3e9e8094e1044e118aa230",2,"ecd8ccec",1,"NULL",88,27,35,83258,10
"1642d35afa2f2bdb254d55e4b117307b","00215f791e3e9e8094e1044e118aa230",1,"0c9a77ec",1,"NULL",88,36,61,193886,32
"984edb6f46b4bb41bb429dc1a0feb5a8","1a9902df386a1beb347942d5a177dbf3",1,"b251028d",1,"NULL",171,19,106,344696,28.2
"06911a684ddb2ba0a63183f188b2ebb1","1a87e5e83d11461a90f4c8191986d46d",1,"97985558",1,"NULL",85,14,56,64966,5.5
"23ce82b87ecf43e6ead10eacc8b0cc0d","1980283724e67067644ac6b8278c02b0",1,"abc7cd03",1,"NULL",61,56,95,322892,56
"b707b3712a6d7c2f2f8896aa28434347","11bb76689a5917e78f890cf498fab488",1,"b2696694",1,"NULL",90,70,199,1259982,88
"d274b131ce624958ca12060eb1324866","042fdf339a06c41f04a9d82aa732bb33",1,"c5ac4b54",1,"NULL",175,25,109,482317,32.5
"54766015d0b8cc72867d3b56204dbb90","0501cb3264015f3c958b135c5c2e93a0",1,"2b3e1bd3",1,"NULL",74,69,201,1022648,72
"dbb6ef0a72d27d8703543ac41047d3e5","0b4aa38065de4401c6157d6b0f78805e",1,"b39cea8d",1,"NULL",100,75,71,530908,80
"9b6a3345c37b98df8bae56507aee9a63","0efa45ff0f252a691303a9a60ada8d99",1,"c4e717b9",1,"NULL",61,62,101,380317,30
"4a4da1e926fbf09d9975947b620d4783","0bf089bcf5b821eca1326a172faa5d36",2,"ecd8ccec",1,"NULL",88,27,35,83258,10
"6e0728d8283fbf38e63e891de8360613","0cd2dd4c2162d24a7337e3219c854b64",1,"d9f9851a",1,"NULL",49,101,82,407984,22
"ca90974c48ed2494735842d16f533911","00bce802aa0956d5ad221044dd78301f",1,"c4e717b9",1,"NULL",61,62,101,380317,30
"ac9f6905afa2d3f6e866602344c9a088","148ca59435c4f4f1f89cc1cd349d8d31",1,"facc1cc4",1,"NULL",69,60,100,412490,61
"61ccc4ed41b386784df650e1d82c3ee8","0bf089bcf5b821eca1326a172faa5d36",1,"0c9a77ec",1,"NULL",88,36,61,193886,32
"a069145a3bdbbde61af233e1aa53f97b","065c8a6d147bd3dcc98e69dfc193180e",1,"65a11317",1,"NULL",59,60,96,339922,27
"88d92a1603bbf990175528aff0d71bba","0cf1d39ffbcedeac63d3a5e7a1233aa5",1,"094fdb89",1,"NULL",111,36,38,154353,13.5
"f3f0b6400c1cbb051fe0ffbebaee47e0","0cf1d39ffbcedeac63d3a5e7a1233aa5",2,"28e24a42",1,"NULL",90,42,61,234930,32.5
"f57e372967d0f07b0831687c8cc3467e","039a3008d142e7152fab8494a5144741",1,"019434e9",1,"NULL",63,71,193,866335,66
"78a74173aad2aa0d3637ae440d450d3e","00aba3a42ed217661a3aa33e1a29dc96",1,"e7d4925e",1,"NULL",58,63,173,630699,49
"3b9d6ac2e4e7e5351668df80a67076ba","11bc51a79ec1e1a00fe5d7ab4bac2263",1,"1eccc99c",1,"NULL",72,68,161,785194,60
"32f4acae7ca871c809590b99e1ad627b","0de7709e90e73231b96827b1f17d6cb7",1,"9dea0668",1,"NULL",87,16,54,74938,6
"c0f79401c4342e81ff72ba8010074784","04458fc83a3ccf1d31d1a054a9e42dd8",1,"58bea807",1,"NULL",97,76,196,1448374,87
"ffa8d97023b69625ed92c5eef2fd1fa7","0b6e8bcb74c3fb47cd638eb164b74dd6",1,"176624a5",1,"NULL",85,12,54,57104,5.6
"f293b313b12460624de90e7fd7727b47","0f79904c324ea2d307f2115c0f723d7e",1,"0acc4205",1,"NULL",63,71,181,807003,57
"cd709e01b2cd9d4897df048258a97266","1a3f13c6489a07317f4955c48d3942ee",1,"5b57a6c4",1,"NULL",87,16,54,74938,6
"aeb220218246d22cbe9bc9a3d0f727d0","01383c8be9d2a9156418c94744ece7a1",1,"c4e717b9",1,"NULL",61,62,101,380317,30
"ccc9eb448500f77b463bdcca7cdf1aae","1ac44e10badf565dea9df04b64f2f165",1,"f643a650",1,"NULL",64,72,107,487688,41
"4eca411e922e8491d14aa35e61954614","10c021bff6b4bce24ad7386365612754",1,"5f7d06a2",1,"NULL",56,66,172,625950,45
"3d3d2be94b002d07fc973695c8135650","056fdf0613660b31f01ca234dfc7655a",1,"57575c46",1,"NULL",113,16,68,126919,10.6
"7518fd18a11ef4a63df7e8f9d5255576","1af3ae25958e47068918e39429ada28f",1,"de9becf9",1,"NULL",130,66,98,838244,52
"f0934189e38e5bca43d83012c6ea3353","0769c335fbf4e7c55ea6992fccfa4361",1,"1593b606",1,"NULL",123,83,95,965130,53
"176ab85ee4e3fda11796c4a76dd31920","011dd03fbca505e42cc6e1b1952066f4",2,"7261fb07",1,"NULL",99,42,73,307592,45
"c19fb11324b8d3df611d59bec4d7aad5","143e34b9508792c0dcdf629a5df991a2",1,"009b75b3",1,"NULL",79,82,192,1244223,96
"13a2ecf5b3e87a658f66acd9de73ca02","011dd03fbca505e42cc6e1b1952066f4",1,"04c061f4",1,"NULL",203,53,55,586429,44
"de0eb5bc567d23a055abb937590a408f","06a0740d13c73d911ab9616997beb7eb",1,"bdff9854",1,"NULL",75,71,98,518230,79
"ae734fe19e27e4630d21ea1985f6e91f","13bcdf3853386538f70c1e59a8b7c6a9",1,"6f7cf570",1,"NULL",68,56,73,278478,28.5
"e3fdda513ea2bd8d6125d0ed7e89c68f","0316bd9faaea63be9c6cd4cb4d785196",1,"93cfc356",1,"NULL",87,53,103,473463,24
"01808e6dfedbc0134d44c23771758563","06186fb2ff029bfaf074e96c75296ddb",1,"0684d35f",1,"NULL",87,14,54,63947,5.3
"6ed408d3aee234a8cab4bfcc1ec0fc93","069dbc31458d042e2ef4d1b102d5ed96",1,"d9f9851a",1,"NULL",49,101,82,407984,22
"0b8a13e08be31f983a8edc92f4afa60b","019a73d081c57671f76907a9f7e42fba",1,"c04b83f1",1,"NULL",149,19,90,250394,21.5
"321a6f048fcde542ca5fe6205dcda2fa","02d8bcde18be354f5ae04a4b4f4fe9d7",1,"abc7cd03",1,"NULL",61,56,95,322892,56
"ae98ce4f3eaf8c1118306fc4d3c49cef","095195f1ec8d67fecdc1eeb6bbe4457f",1,"b64adab5",1,"NULL",67,58,164,632322,46
"d87ffad37b9612f759e88a3a893a280d","06f795e0db202ea10cb512baec54e259",1,"9c49adcc",1,"NULL",63,71,193,866335,59
"943fab2134554126629ce15868f417ef","09d62fbfed94079208d7c83a8008b256",1,"935454d1",1,"NULL",61,56,95,322892,29
"4674a659d35382772cd38e7182835431","06cb0f584756662894298f81ba508b77",2,"5e2b57a7",1,"NULL",97,41,66,264587,37
"3f6217fc353bff89c6479000d74e8b42","06cb0f584756662894298f81ba508b77",1,"02ba6894",1,"NULL",100,40,31,125359,12
"8ec85799c20244cb73622c390326c759","0584f54cb5ac88be99b1b012ceb5ce85",1,"1823acd6",1,"NULL",75,51,22,84814,15.8
"940c91917b239dd9c65e689f6a0cfd68","0987704cc5beb6a225ed593b6c84023e",1,"7d704ebe",1,"NULL",142,17,86,207520,21.5
"096f420a93b6d0816b3b5ee1c6689447","193f2c024686e465857aaefab701c689",1,"f643a650",1,"NULL",64,72,107,487688,41
"598ad9fc403fec76f933d4dffe4f6e9a","170838fe76545cfa1616a32e61e173ca",1,"63177db9",1,"NULL",66,59,153,588756,47
"7c66c606c29c990af4fafe11639811d0","084d68ee995d858817ca34ee3549979d",1,"c4e717b9",1,"NULL",61,62,101,380317,30
"28e37e869de5e893f8811f0168d38f86","1918b965df1ac28828a6ac0391431863",1,"786ac89b",1,"NULL",90,77,201,1398671,97
"6b38f3ccd4d8df4a8eec4ab5791f2e3c","13d865b15dcd6ac568d391633bec8f27",2,"a41ad92c",1,"NULL",107,46,79,385843,58
"79c42b56bad415adb21b348c7a307475","13d865b15dcd6ac568d391633bec8f27",1,"400401e1",1,"NULL",210,58,55,674834,43
"1c445005748a41f32cf4dc88b3a1babf","0eb4bd6fc72a97fd945b61fd485ec2b1",1,"1eccc99c",1,"NULL",72,68,161,785194,60
"fa99286db2f8f736eabfe2bce0d92135","1160e85969cb7f7d8dbed30522d96fce",1,"fbbe1be9",1,"NULL",87,14,54,63947,5.3
"e64f50193275f2d16ebd9070be1848e5","134c2178c345819d5ef34039c6bd80a4",2,"844bcf5b",1,"NULL",56,54,204,613240,41
"571795f12a0d3eaa76d6b4162afb1f9b","134c2178c345819d5ef34039c6bd80a4",1,"f285c538",1,"NULL",104,48,76,376443,55
"aaad4b0a0ece13fe790e6c8c64d76302","15c5d94271df599fbe9f3357d5a3b52c",1,"8a9510de",1,"NULL",64,65,105,432867,35
"33dbe291be381c5e8c4680e07838a82b","121d8042752d8a1cf2c784bbb9a3cc59",1,"8eefe9d4",1,"NULL",103,14,64,95431,8.5
"fe3754d34231242097b051a799136480","0dc56aa79be3cc6da937c05f743eea24",1,"c6b37fbc",1,"NULL",47,50,81,189732,20
"2b8d5e28c124e0ceab25eed2a34d330b","10e60886af561280e1870e471436f6dc",1,"5ce11948",1,"NULL",103,72,193,1420220,92
"6fd75870f192614f47890f6c07523b0e","17c56ab7b00bf6a2ee78d80118485352",1,"4936d807",1,"NULL",130,15,79,158173,12.5
"95672361f09990178c720ff72f8d9cf5","06b7503ee4c42847bf78755482ef00ed",1,"d17ae248",1,"NULL",113,17,69,133013,9.9
"3f0e6edd3fd63302afdb53a1380a7e31","09b809b737f5c9162c6d51b473499771",1,"c2109486",1,"NULL",168,20,99,327208,25.5
"6cb837df5e0bfd472228396a038966e7","12c19a238f6e469188b566cf726715b5",1,"9c49adcc",1,"NULL",63,71,193,866335,59
"1396265bdc151f4fc405a9aada4ac05e","03ec2f02c3c5232cd37ef2c6ad211a60",1,"e8c8b130",1,"NULL",32,29,48,45294,5
"07e05009b3ac935efa471ff5071755eb","03a29a30f0a364276abf8e97f2de4556",1,"0ea0d6c2",1,"NULL",71,71,96,480900,77
"bf3c93cec8692ae5f3a4640bae75293d","17a7f0aece14cdb3be4de3e71c10309e",2,"03d799c5",1,"NULL",97,42,64,264100,36
"c9533336eaf79909a112b0d5ff5c33c3","17a7f0aece14cdb3be4de3e71c10309e",1,"d1cb0aeb",1,"NULL",105,39,29,119919,13.5
"68b7711c10885b9cb0bcd37a1856d04a","07220a4df28adc9252ad105c990b0ea2",1,"e146eda9",1,"NULL",131,15,81,162935,16.5
"55d6357fd6576d787e227b99ba11a9b3","1afb7330992daf85120e079b21c1a6c9",1,"b0bdce95",1,"NULL",64,69,189,840432,70
"c7eccb81ea1978e7c4caf77176be370c","0a8b3ec22c25e39eca4f40f9a13a2a2d",1,"7ff28874",1,"NULL",105,51,66,352812,26
"8abffde055fbfe8c6767fb966ba6a0da","15f34b0171204a4a6e989b318a701f62",1,"9c49adcc",1,"NULL",63,71,193,866335,59
"41f621088ce10db794dcd3d3f30917ab","18542abd6def5ae2c3bd9cb1a7012596",2,"03d799c5",1,"NULL",97,42,64,264100,36
"6af4a4f3fae6fc3939375ca8ef5fc241","18542abd6def5ae2c3bd9cb1a7012596",1,"d1cb0aeb",1,"NULL",105,39,29,119919,13.5
"cae6fcff397366faa606b64aa6625ab5","06165656227348e382cad81ff11d0231",1,"5489b058",1,"NULL",128,15,79,148655,13.5
"ba716aaf2b82f807e7b2859e763efe7b","15cab3a6b1078f8b31e9e7c305356866",1,"d17ae248",1,"NULL",113,17,69,133013,9.9
"877721b2fb58de3142f8e264378651d6","088edcefee7728d6578fe8ca89f9d3c9",1,"dc948906",1,"NULL",58,65,169,629512,53
"c6de470d7c33765cbac1ff70af0c81f0","0e4c0373f2d14a18628cc925caff4b2f",1,"b0bdce95",1,"NULL",64,69,189,840432,70
"b9f18e9cedb4a7d52bf011757451cadd","064da8dde9ecced3f2a9d9da4b5124d2",1,"22a06978",1,"NULL",75,68,188,956074,67
"c800849e4db06993c21c91d90e5cfc9a","17640183a0cf96c9b15ca3d523403d46",1,"98944346",1,"NULL",69,73,107,532334,46
"3fcad184f70464b262398238e96e7a73","1a5149ad038e483cfc3b6adfa4d2e8cc",1,"c2109486",1,"NULL",168,20,99,327208,25.5
"6e008266ef64c69d2a93f2fe554a6cf8","139b088d5c60c8633ea7379143cc3c66",1,"063ac93a",1,"NULL",142,17,86,207520,16.5
"a02e962bf434238f93554e4e486a9f37","1349aa288f34339cb3f50e40741f8b46",1,"8501dec6",1,"NULL",143,20,88,253671,28
"5c20bc5382786b943e7b210b367befe4","0d014a96e9c926d4c8d79fe3f750a04b",1,"24baf0f9",1,"NULL",97,41,66,264587,32
"ce159f64719e38f440060d6a831554c8","0d014a96e9c926d4c8d79fe3f750a04b",2,"8581e651",1,"NULL",100,38,31,116782,12.5
"c935e3e22b78457177a8954836901c97","1a8a22280be97692ee4e2c455d6c2fa6",2,"3788f82a",1,"NULL",97,42,64,264100,41
"6da2f05f30372376efb3343b2261e29a","197bfb6ad55158c2a7db0654580d5cdf",1,"e3618fc6",1,"NULL",67,77,189,976511,67
"ea3679a748d35040679a575633294c3d","0db48657bf756e2e2da07d62a84c8647",1,"063ac93a",1,"NULL",142,17,86,207520,16.5
"88bf04e235aa9c57a48ef0f7b1d9fbd6","1a8a22280be97692ee4e2c455d6c2fa6",1,"3580d2c6",1,"NULL",210,58,55,674834,44
"ac4161174d3c39c8c6a678d72bf2b80f","077f2a1f60c8e4e439ebadddb9fb4a5f",1,"8501dec6",1,"NULL",143,20,88,253671,28
"0783d28db7824e08ff6462c6aa25c68f","072a721e708447af04e0def9252e692d",1,"e12e6e43",1,"NULL",77,60,29,131290,17
"db49303836d5ee9e6eae3f64ee2529f6","0b1cf26f9b2f7932ac7926dfc4fc4502",1,"2fbdca4b",1,"NULL",150,93,17,232245,28
"f406b2fc927ca24a58a7ef0f3087748b","155d72c4d4830cf012805b2c8322c5cc",2,"19c9d8c1",1,"NULL",97,41,66,264587,33
"6f1521ce21853d9e0e33863c6b514d31","155d72c4d4830cf012805b2c8322c5cc",1,"697557b7",1,"NULL",100,38,31,116782,12.5
"28652f132fd5607fbbb6beff182d477b","042c3a4f440328a795246ecf036773d8",1,"a4830d20",1,"NULL",87,14,54,63947,8
"2ce2593ea07dec1c93b30dcbe563cdb8","1485402dd9072c605a8f1dd2e93df753",1,"8501dec6",1,"NULL",143,20,88,253671,28
"0e94f532ab49d547ec5baac722198af3","037c02aba178488f10b6137a5557cfc4",1,"201796a3",1,"NULL",90,82,201,1471124,116
"c47d6b3590404aea20fde8e35730cdc0","0df90270b6eec09bef9ae88ac591645b",1,"92aba161",1,"NULL",142,17,86,207520,16
"7fa31b3d4a680ce2c07507cc940ab4a9","14a6890ff4c94dbce41e6f27c6a430d2",1,"88d3a6a9",1,"NULL",80,63,92,462283,38
"d81848393dcdbaef03fd6ef91d2fd561","0123fa10ca67e47d780821bc1326ba7d",1,"f2ec01ea",1,"NULL",142,17,86,207520,21.5
"f1dd1c66558032622e74c81fa16bd9d8","07921a23986c38d6b78974756d0b94d7",1,"e76269c2",1,"NULL",103,88,197,1773238,122
"61177b01e25839eec5ae52d1a81cfc23","09a905912b4580a30ec2720d9de86baa",1,"62196d69",1,"NULL",130,15,79,158173,15.2
"3a1572edff11b42f91c1f28b51dfda7f","00953a05f932252fafcc6de4f03814b8",1,"05bf071b",1,"NULL",107,14,66,100416,8.5
"2399f9a33cc6bb33acb9855eea958a59","1639f570697d8be78aed58fbf84581e4",1,"401d4fd5",1,"NULL",90,77,201,1398671,97
"2f47478213f52623bd56b86f73eca72c","00d77cf62c013d3713edc1b1165043f8",1,"f9b46c8b",1,"NULL",83,53,26,113992,13
"2b59e2d719a37e375307066c24c6c768","15ff18a1ec15305c6837ef4ecf5d8720",2,"3b8b19b8",1,"NULL",206,54,55,613240,42.5
"558ff940a93a77c1f336cc0f299149eb","15ff18a1ec15305c6837ef4ecf5d8720",1,"169421cc",1,"NULL",104,48,76,376443,55
"8fe62ae04a1d5ea4ce4c3d302c3481a4","03314e5530a418b3568e9d4688c7bf21",1,"7da91e11",1,"NULL",145,18,89,237957,23.9
"49e7969211f8975a60afcc34b8432e00","0fa5c4e35ca04cd87fc7bdd8085ce2c9",1,"9f6aa8a7",1,"NULL",174,19,102,331417,21.8
"d1939d7b0806f220db73dd0d3baa0ef1","178ea945aa21e1fb3c89104a27b90277",1,"05bf071b",1,"NULL",107,14,66,100416,8.5
"106f9d5e03c85a5843af878865ddd3c0","086cdfd1e8723458afa4d4e073e8b61d",1,"bd61fa81",1,"NULL",130,15,79,158173,15.2
"4704b31b4a0448cbe4b53d2aedc4f5dc","0de0f511c79d9c4bbbf2903ac295d9d9",1,"4f4e37cc",1,"NULL",61,64,162,632006,44
"9c16c4a561cef9f84678f14b9c466fa7","0f7880dee1092c51a2cf405d92e91a66",1,"4e734d8f",1,"NULL",81,49,23,90199,9.4
"122abffd8bf1137546a50c9674ea13ea","064a0c4a68f9d46b9956cdbd2653806d",1,"2f1f5bff",1,"NULL",130,15,79,158173,13.5
"7a731bd452206a182ea15aaf359ef417","0dfe9f932bc02ecd89493862aa418793",2,"ecd8ccec",1,"NULL",88,27,35,83258,10
"cb5b83db503ba6c907d2e37e9d6b1a2b","0dfe9f932bc02ecd89493862aa418793",1,"0c9a77ec",1,"NULL",88,36,61,193886,32
"2b540c309e9eebd04b831f128bef690a","046a4e2bdcdd358016efadca5168b592",1,"034e3405",1,"NULL",145,19,89,247274,18.5
"2d88183187b1484e745ad08228b5e777","0415551a8c0c5adafcd28bae831d9fee",2,"02ed6d4c",1,"NULL",105,39,29,119919,12.5
"835076539c1e3d8214c5b87a34737c3d","0415551a8c0c5adafcd28bae831d9fee",1,"94d334b9",1,"NULL",89,39,64,225705,26
"04d7cb453f1b0c115260ccc8e344347b","186dde7c43c50771d2ac58aac7396c97",2,"ecd8ccec",1,"NULL",88,27,35,83258,10
"31c1480e8904da09664194414b94bc18","0df10cd0ca82dff24232a686db00ab27",1,"dc852337",1,"NULL",168,20,99,327208,22.5
"5215fa30a1f5dbb8971586244b614394","186dde7c43c50771d2ac58aac7396c97",1,"0c9a77ec",1,"NULL",88,36,61,193886,32
"4abf6352833f105f012a7696842a8953","00e7742f5aaf142363dba33efc8b852f",1,"9d844e25",1,"NULL",131,18,81,189867,15.6
"08d24992cca8c42bfcb211b8a37d2a26","0b017b4050eda0adbed52f8574693aaa",2,"ecd8ccec",1,"NULL",88,27,35,83258,10
"b6ca6b122d6dc71e65211060fea94c49","0b017b4050eda0adbed52f8574693aaa",1,"0c9a77ec",1,"NULL",88,36,61,193886,32
"f726a1fa74b18b2bcae613d34e92eb47","16b1a9475e61820cabd6a6df465d0435",1,"f1a5e887",1,"NULL",72,70,102,511365,75
"3a3e9f79df9ea0aa9c47a2063ba52cd7","007e286cbacf3597fbfed10cc69d839a",2,"ecd8ccec",1,"NULL",88,27,35,83258,10
"3f0546252de3296e1b83b259bd914a5e","007e286cbacf3597fbfed10cc69d839a",1,"0c9a77ec",1,"NULL",88,36,61,193886,32
"956750903f72f928fbf57320125cc1f4","121c5744cb8427dbbaff68a5d7c50948",1,"2989f446",1,"NULL",53,58,130,399012,41
"fbc9c8a3552786b4328729aa046d481c","074db7ddd31069da1f5ab53a45067d1c",1,"76b6c4d1",1,"NULL",98,75,69,506013,75
"2c29d7ba46eb679f259b62463d66f3d5","0272412fa2d92f8ce7f181f781719065",1,"b01ff11b",1,"NULL",67,68,108,483835,39
"a15831e836d4b51863b1a3fd904a3428","0d1ce788659673f5e84a21c0ab312d8c",1,"29d5b1ed",1,"NULL",75,71,98,518230,76
"d56726c4fb31e6ded2ca4540c6f1ad1c","136d2004972f71a31a6d1a02f2c31b83",1,"8501dec6",1,"NULL",143,20,88,253671,28
"2d57b2aa3e8d044d1cb8f5abceca76fd","19d10d6bb1109e2c674ddb5b4eea0f06",2,"ecd8ccec",1,"NULL",88,27,35,83258,10
"c47a2da2dc22d98d748669f2af9600cb","19d10d6bb1109e2c674ddb5b4eea0f06",1,"0c9a77ec",1,"NULL",88,36,61,193886,32
"91b8b35cdc349dcb5bd40248874748a7","08f2fccc036a8874b9f0d8764a2c4ebc",2,"ecd8ccec",1,"NULL",88,27,35,83258,10
"eeeecb28f8654e321872a1f9e446c2e3","08f2fccc036a8874b9f0d8764a2c4ebc",1,"0c9a77ec",1,"NULL",88,36,61,193886,32
"83dc5a4c8f25269834c7a71028562ab4","0520e2ecefbe16f7e0e7b195407bb3c6",1,"d6527f01",1,"NULL",85,14,53,62853,5
"60beb573ae41f4467b6a009c7c45008f","01ccacdd48c82e26f6306f635fd77cca",1,"7c1397ec",1,"NULL",62,74,47,215037,26
"542d5f535fa5d86998ee8972dd0efa4e","17a4d93dff3c5b1ae55134bbbff96cb9",1,"bd4d6928",1,"NULL",65,68,110,485624,35
"4ecd7c7faa5437ead7ad7fed24c2e3b3","1389e0c5b708cd4464b83ed5d1a0860e",1,"7c1397ec",1,"NULL",62,74,47,215037,26
"ed4713ae5c6ee2d4c2e4c2d23db0cb73","01c09b259cf927832c75ab9037ba122a",1,"bd4d6928",1,"NULL",65,68,110,485624,35
"d7337c3bd6e5ac21d71dd479a324cfef","181aff21a295bdd2fa212cf7d151ca6c",1,"bd4d6928",1,"NULL",65,68,110,485624,35
"b90bb1c679f84b973dd6af444cac1f53","1029241d5f700821a24cbc26077fea15",2,"3fc04c66",1,"NULL",104,33,41,143258,13.3
"bac916129705af9cec3cbac9fdca24f6","1029241d5f700821a24cbc26077fea15",1,"1463eb33",1,"NULL",100,43,65,282280,35
"16f8446055adbdf9fe7bca38ec853c9b","0ba336c16dfb4870a46c00f530bec1ab",1,"7c1397ec",1,"NULL",62,74,47,215037,26
"5ae1cd88ac722e239ddaf0839fe8be17","0504a7e1a027a2257fb48f471549b1ed",1,"3cf5eb50",1,"NULL",60,55,98,324030,28
"37996b283b7a4a986f840ce133334332","011024090719cb68de94f7fe4564223a",1,"33a5210a",1,"NULL",88,77,200,1362799,87
"0368a30c9c5502e436fb63230fb4386d","07cca19841842b4487d8d3dc5e0332a9",1,"0a15ab37",1,"NULL",76,57,25,108348,14.4
"b6ff7b9f7bfaf8b93c7e3abf929c0c81","0ed9ab7c05c57c2a1b05d1efadc3b9c8",1,"b0bdce95",1,"NULL",64,69,189,840432,70
"0684ff77645f128c38766647fcd2547c","13e0e23be26f68411ba89721cdd8f3d3",2,"a41ad92c",1,"NULL",107,46,79,385843,58
"afe52eb478071edb7d4700a5ba760a7b","13e0e23be26f68411ba89721cdd8f3d3",1,"400401e1",1,"NULL",210,58,55,674834,43
"ba4a87b52f98d8a9a7eb364f9a578796","1a8e20bbc3f7aa9c25ed9f4007ceef78",2,"26d354ca",1,"NULL",105,39,29,119919,13.5
"8f49b73b0f3b5b39720158032b88508f","09078d585fb8c2dedbed15899878c285",2,"57a65a89",1,"NULL",89,39,64,225705,30
"8372623b5fddbb2a49ac5e1eb1cd1df0","1a8e20bbc3f7aa9c25ed9f4007ceef78",1,"5560fba3",1,"NULL",97,66,42,264100,35
"8c9e08417cec8cb554cbbed77974ee23","09078d585fb8c2dedbed15899878c285",1,"8c552dd8",1,"NULL",89,38,30,100354,11
"b6464c62572dc1f195da08dd9bee4cb6","15fde7b2bbdd97be5ef3b747f026febb",2,"a41ad92c",1,"NULL",107,46,79,385843,58
"d518c4a1db341bda988446d30ec6f626","15fde7b2bbdd97be5ef3b747f026febb",1,"400401e1",1,"NULL",210,58,55,674834,43
"49dce54ed70f3e7d6bd07e02d525ee18","00284caae3fc012a57a6743eb5a23ff7",1,"069270a1",1,"NULL",103,77,197,1558819,107
"25a8d3d572b4b180f6ba4c71fdf46c54","17ee596828c783524af190a672093241",1,"993166d6",1,"NULL",94,72,192,1296837,91
"43e54940b8de4154d32c15d5eb57c2ce","1143e2a1bdcaab1720bd46614cbe6d43",1,"061d5d50",1,"NULL",57,66,158,595690,47
"63b5f4e8b92e8ef5cf669d3b99787478","13f75239e4e0a81d74ebfedccbfb0ce5",1,"069270a1",1,"NULL",103,77,197,1558819,107
"5272f4150aa8c2ba4319cdd640b5835b","198bf6734e2700314c867f1f2275e894",1,"bd4d6928",1,"NULL",65,68,110,485624,35
"97703b684f41e8bc078e591e08a4a5b3","086c3dd26674b7d37718f0f3a1ad3e90",1,"7256f5cf",1,"NULL",70,76,98,523318,75
"bf21784394e8c8e3e974be5df9d641ad","1ae80f843277ec26e576d48b29722172",1,"e76269c2",1,"NULL",103,88,197,1773238,122
"2f439f33182dc0c28a24a52d839b14f7","17891dd64f7d25eac6d6cbe964b871ab",1,"e3e053bc",1,"NULL",54,63,114,382431,30
"62d51a26273c957aaddecf9643edf678","0de9368956d9b325ec23ab35035e9473",1,"38facdfd",1,"NULL",72,84,66,397507,42.5
"e341714b3a42e623a6818226ff3dc6a7","18cdb52c5b612fb069c9cdb0eff874d7",1,"29d5b1ed",1,"NULL",75,71,98,518230,76
"b0297b34b2e45185105d9f42fb24ea56","17e1d690d05a43344ca120783a1b0660",1,"3e0092db",1,"NULL",75,71,98,518230,78
"0c7ab02777e8bc8e0e6db1fdb323c36c","188db243b640f23110d3fb04fba0fdf6",1,"a4faf983",1,"NULL",72,79,199,1132661,83
"6bba76bfe86954c69baad41d70ab818b","1a11366143532cf127b549e30b9f4d2d",2,"c01dd1fe",1,"NULL",92,38,62,220021,36.5
"53314d7b96861615f6b9494280b6400a","1a11366143532cf127b549e30b9f4d2d",1,"4e7e7f76",1,"NULL",98,39,31,117499,13.5
"731f27ebbd95b8cd7f0fac68217ae58c","0a930baca5f46103bf9332921263837f",1,"26f47370",1,"NULL",96,78,209,1550174,113
"60dc5b813cccb24da2ceaa26558b98a3","12237bb713c0336c513c081db7309eaa",1,"e2074bdd",1,"NULL",75,71,98,518230,76
"26dbbca292af0059eee621ce37e2ad64","128bf28ae75ce64c462f039a368b47ef",2,"28579980",1,"NULL",186,46,37,320287,28
"d857c7ead9e5866ec6359478c81db14a","128bf28ae75ce64c462f039a368b47ef",1,"c16b5642",1,"NULL",96,41,63,244475,47
"27300b55060ed8d602c2a5da143e9e1c","082ca471d3dff0c904b549d265aebb53",1,"9aa03047",1,"NULL",67,68,111,507300,43
"357cb78dee3be058e933318804914d9a","0389eedf0b63110d8f33f71f2aa48ba4",1,"56c46678",1,"NULL",70,75,196,1037854,74
"1ace7c7f44bc8940404500b2e1cd9d3d","0ae5519b6bcf8c72c3b6f1f3e89f1b64",2,"ac0065af",1,"NULL",100,30,37,109373,12.5
"72754540341c93181e24b17ad7f04d87","0ae5519b6bcf8c72c3b6f1f3e89f1b64",1,"419e62a6",1,"NULL",97,37,64,231748,38
"8538a022841c705f66c423ddc7bc27a8","09d8966d3f48abc470ddd320de8c5d5e",2,"11a9d99b",1,"NULL",103,38,28,110261,13.5
"418a581af05300e0c619d44a656e8820","09d8966d3f48abc470ddd320de8c5d5e",1,"ec857729",1,"NULL",97,42,64,264100,36
"c04f3b0945c815288989997fedf7a530","06cd6a61074993ae8f949bf7d99d6b0f",2,"2ff4876a",1,"NULL",97,37,64,231748,31.5
"0d207c163f375ee623056e3721eed0a9","06cd6a61074993ae8f949bf7d99d6b0f",1,"87541bdf",1,"NULL",100,30,37,109373,11.5
"f245ad7dc31c79028a6d0a08a59beda9","0a7b4f4495aeecf7116cada6af28a453",1,"f880b2ff",1,"NULL",102,72,192,1405753,94
"6d6e7be9e6ce21ae7658c7d424487cd1","14168f80ebede75946ea67374e7b653c",1,"a5c8fe1a",1,"NULL",77,60,29,131290,17
"9667a8a8b581f94448e01d29384bbb6f","17d6d169fb62b9e6051ffde796803b14",1,"f87b29d0",1,"NULL",122,82,96,966714,58
"9981cc0810a28ae07a4155b94fa28655","09f6cbabc5037d00d1719034d0eacdc3",2,"5475f8d3",1,"NULL",210,58,55,674834,44
"7e49c953efac371361e109a71d206430","09f6cbabc5037d00d1719034d0eacdc3",1,"c447f361",1,"NULL",107,46,79,385843,56
"82bec66c4d5d6b168127533baed99012","128b2d058e7acb2f3f0c775642e8826f",1,"65bd9b8e",1,"NULL",81,104,197,1651722,118
"32fa53dfb8a7d35d4419d1c126dc4de1","0026016c494a09a50ae8a298aec66749",2,"757e1aa0",1,"NULL",101,38,30,116011,13
"7becfc30ddb1bb02b4e0e13e7d389e51","0026016c494a09a50ae8a298aec66749",1,"d569d461",1,"NULL",96,45,66,278715,32
"1e32a5220ee27f4765cc1078313c3090","160a4917a362b0e158e0826f1584c545",1,"648cfd55",1,"NULL",101,44,71,315352,51
"209e46d427aac837f428dcb8173c4dbd","160a4917a362b0e158e0826f1584c545",2,"69f68cba",1,"NULL",55,59,196,635758,41
"ede638cfcb3d5ed65d0306009fcd4e34","11dab2f69ff20ec52d6f89edacf0797b",2,"e27a51ae",1,"NULL",88,62,35,192243,31
"916bb9ed966379a5fe83cbb1bf813bc7","11dab2f69ff20ec52d6f89edacf0797b",1,"ac5cdea2",1,"NULL",96,40,28,107237,12
"5356e10e5b207ce9dc63732fde3b9daa","04b51f20c5a27915094402de25e8f004",1,"8211dcbf",1,"NULL",76,82,197,1231474,85
"74475bcefcda4b6043f2e80d708efc36","17174f38b09a1c5aede3b683e52c3c42",2,"f6fc0acb",1,"NULL",40,100,29,117294,12
"2423bc6ba8227996aadabc0ee69346b6","17174f38b09a1c5aede3b683e52c3c42",1,"230c03a1",1,"NULL",100,43,65,282280,35
"bf43a7cd628a7baf478c4e802240b4d6","03712ff4f2520fed56976ac8f60308c0",1,"d50dddc2",1,"NULL",88,41,66,238898,29
"bec87b19d7742f2835669f26de35dd45","03712ff4f2520fed56976ac8f60308c0",2,"3dec59c8",1,"NULL",101,41,30,125679,29
"f24ac96e6837f08501fd7b0ccfe14cb7","10493017ea9094c5000126da2f2fd3e0",1,"f880b2ff",1,"NULL",102,72,192,1405753,94
"42b79b203356eb43bbcda5431fed29dd","026ef462fcb3cabc248396994073246f",1,"f880b2ff",1,"NULL",102,72,192,1405753,94
"254149bf7cda078b6acce72cc3ea4f33","0e047e6558f65de0e08af7369da36765",1,"d50dddc2",1,"NULL",88,41,66,238898,29
"d5f4a43f54900a92ba9a5dc95cb1b77c","0e047e6558f65de0e08af7369da36765",2,"3dec59c8",1,"NULL",101,41,30,125679,29
"23406a8a08cec0fce36dc703ccb7ae74","0a90f6312cdc15c201b5ff73560939cc",1,"d50dddc2",1,"NULL",88,41,66,238898,29
"033e2a935bdaed7a083b9cfb36a35184","0a90f6312cdc15c201b5ff73560939cc",2,"3dec59c8",1,"NULL",101,41,30,125679,29
"4739111cd1a9b10876176df0f0593562","009d951f5ce13243bf46bf68b5929026",1,"d50dddc2",1,"NULL",88,41,66,238898,29
"171cb8345a3dbb8859805ed50bc76856","009d951f5ce13243bf46bf68b5929026",2,"3dec59c8",1,"NULL",101,41,30,125679,29
"35f4b348a1ee86519465f7683224a253","1462881be4b6176bb9164db5be744000",1,"c447f361",1,"NULL",107,46,79,385843,56
"cc0c69b266ca0458e0b6745df4215816","1462881be4b6176bb9164db5be744000",2,"5475f8d3",1,"NULL",210,58,55,674834,44
"76365245ed3eff7dc5c2f642547c4f46","03b0399e7f00c22ad06d4a286d379d71",1,"d50dddc2",1,"NULL",88,41,66,238898,29
"2099d345944acadddc33d998f23aa6f4","140ff533017dd3e8196f01cc4e6caef5",1,"17811129",1,"NULL",90,84,200,1524562,123
"5d0b9c3e194cb45dd6229259ee566b5c","03b0399e7f00c22ad06d4a286d379d71",2,"3dec59c8",1,"NULL",101,41,30,125679,29
"ceb962abd1c56711a82bf8450b7f3127","196fa68f733a17fda51b629d4ed1987e",2,"9f681f29",1,"NULL",210,58,55,674834,44
"348999a62457e26bf1a197c8b8363583","196fa68f733a17fda51b629d4ed1987e",1,"721debde",1,"NULL",97,42,64,264100,41
"276443a72c4e97032d150d520fb0ea52","165310f854812933b249c93c46eb1155",2,"3dec59c8",1,"NULL",101,41,30,125679,29
"89acdcc9d04498d7adb74f5ca500dd65","165310f854812933b249c93c46eb1155",1,"d50dddc2",1,"NULL",88,41,66,238898,29
"ad37988e2eb505846841f9606a5ae09f","1ac325dd8eab05332b32caf85a70be6d",1,"7781a36e",1,"NULL",121,67,102,833416,49
"6c4c517e9864c2cdd683bbd150bb7f3f","02c1053dc8d7670f5a10ebb3cf8b9114",1,"5cc4d8ac",1,"NULL",92,38,62,220021,36.5
"4c95842117b53f6cc57afef6f2b7f5d9","02c1053dc8d7670f5a10ebb3cf8b9114",2,"e90a1357",1,"NULL",98,39,31,117499,13.5
"4d20f2da8e24fa0d899eed6b889f9a86","04c3ed743ac0080461dd56d865e28d52",2,"3dec59c8",1,"NULL",101,41,30,125679,29
"7f0ce1cf40379436f88062a31c440651","04c3ed743ac0080461dd56d865e28d52",1,"d50dddc2",1,"NULL",88,41,66,238898,29
"45157ede4360690eeeafdc123c79953b","05b8d99a54f6a91b2334dac4454e073c",1,"d50dddc2",1,"NULL",88,41,66,238898,29
"d702b03d9a9ea966daed65fbd7a41935","05b8d99a54f6a91b2334dac4454e073c",2,"3dec59c8",1,"NULL",101,41,30,125679,29
"027de15cf3aedca57d1a563616ac20d8","07ad0ae6339db282ed48a0a8473af51b",2,"3dec59c8",1,"NULL",101,41,30,125679,29
"a4055a41a0945edde8ca3f7ed04e71f2","07ad0ae6339db282ed48a0a8473af51b",1,"d50dddc2",1,"NULL",88,41,66,238898,29
"083ba9accde52dd23f84828fc6659f3a","06572285b286de22a928e140297facbf",2,"c56e00d3",1,"NULL",105,39,29,119919,13
"da1e38cfd6f3843a03f5d03c14d297c9","0c570aef3cb4b5506728553da2e8ce8b",1,"17811129",1,"NULL",90,84,200,1524562,123
"be85abd264e65b31fa9e2b484820860d","06572285b286de22a928e140297facbf",1,"3695fff1",1,"NULL",89,39,64,225705,29
"60ea8ce72ae56b98e13b4d6455233780","0899049783f22983bbc7d40f07a98f81",1,"cf5218cb",1,"NULL",79,52,24,99791,15.5
"84c725414043821f6f3fce4cf430b60f","181b6fdfd28ddad5dfc28e9958e7d992",1,"17811129",1,"NULL",90,84,200,1524562,123
"479842886866918733893f5c59534a38","1383d7781a89fc7d8667c92c1f21042b",2,"6a04a2d8",1,"NULL",94,38,64,228019,33.5
"6385e558ae8a3fcbc875b5420b958b7c","1383d7781a89fc7d8667c92c1f21042b",1,"e837b707",1,"NULL",90,38,27,89591,12.5
"8b8602061d563481a7e34c4044b1a6cb","0c2a227829f9db1d2a660bf7ae0e4258",2,"dd591213",1,"NULL",102,72,63,459553,33.2
"96b5a7ac30572321be74c3fd481b10d9","0c2a227829f9db1d2a660bf7ae0e4258",1,"80167f0b",1,"NULL",85,49,20,83168,13
"a466932c2df5d18b68be91c0975efe06","0cd889c1c676eaf407c750132584274a",1,"1f265f4e",1,"NULL",68,60,97,398841,69
"0f195e402a16e5c76431e0efd280247f","130db8d3742226af7ffa471e79929f3b",1,"c6b37fbc",1,"NULL",47,50,81,189732,20
"d89b35762eb4966875a2dafbbc3eaea2","152c77a61bf1b1a3fd6fceab3740ac3f",1,"8c85b8ba",1,"NULL",79,73,100,572766,78
"2bfe43ff0a1ea0764d9d0a10d6414d64","15a599d3b256c8863bd25887583d9ec4",1,"919f44bd",1,"NULL",173,20,104,361783,25
"5bc573164d22af51eac9c53caf0bd0ac","1702ef949dc9f18263cc8e6e0f7d575a",2,"26d354ca",1,"NULL",105,39,29,119919,13.5
"065e63dc1098a6021899afadb17e9a75","1702ef949dc9f18263cc8e6e0f7d575a",1,"5560fba3",1,"NULL",97,66,42,264100,35
"fdc54603e4092dc8f492e4d6a17a1faf","19b0fbd69b90a77c4ee36804626c077d",1,"95a8eb2b",1,"NULL",63,68,154,658353,59
"2b40d6c08e39c44d2458026b35fb3e14","058549f37dc8aa689575c645a3314b70",1,"b7074cd6",1,"NULL",147,20,91,269413,24.9
"3b9021e1baa720f69e9ea0ab2ec6efcc","0ef0c4e1f1b93d5efbc740333ef4a2ba",1,"2b1e282f",1,"NULL",71,77,66,361994,34.5
"11d006f0a0de2fc9d349866cea7eb996","0a1556ca782dec7974d4534ea7bc1749",2,"57a65a89",1,"NULL",89,39,64,225705,30
"8cb14c73f009d6684268f7d64672c7f5","0a1556ca782dec7974d4534ea7bc1749",1,"8c552dd8",1,"NULL",89,38,30,100354,11
"1916106baee4c00f894d54abaa1d686a","12a58a3e550d02e6d8b878d424f6dec9",2,"1423d41c",1,"NULL",96,41,30,119133,13
"e04129aa4462c4bc8eef3be38f5ea62d","12a58a3e550d02e6d8b878d424f6dec9",1,"5292851b",1,"NULL",88,41,66,238898,28
"f850df55d32b7ff01a1aa8961adf5cf0","140a4941f892aa65d5f4cd9643d5dfc3",1,"fe6705bb",1,"NULL",120,14,69,117222,10
"bc3be7975631ccf216e09490b1a067b5","13f6602e8db7195d2ad59ccf8459d7ca",1,"a4faf983",1,"NULL",72,79,199,1132661,83
"8d4153924c735da01e73b181808a1a57","00e37cbb8299b5a75ddb29c53cca171a",1,"634c1805",1,"NULL",97,42,64,264100,35
"7114313ac486c0590dd6e9c002a0c93e","00e37cbb8299b5a75ddb29c53cca171a",2,"63911f69",1,"NULL",103,38,28,110261,13.5
"8ef4b0321baf1d0c008f3f36f7b2b2d6","0a86eb404c444da0192e165022d6e7ab",1,"bbef157b",1,"NULL",79,52,24,99791,15.5
"b5a20ec5bb1d3bb21fadf5dbe1953dc4","174d8f29963d3b12cad7a0c147fe6be1",1,"786ac89b",1,"NULL",90,77,201,1398671,97
"09bc2485d7550b3aaef564de7e9983c1","1009c168efc86407c3f2f89b8c9e3cfe",1,"255ddb6e",1,"NULL",144,16,90,212744,16.5
"66840e58c1ce12e3219f8d82dcf685d6","0f06835462d9de3961596cd900325876",1,"8211dcbf",1,"NULL",76,82,197,1231474,85
"f459a1caff318d60cb3bb7c0c9c2e1a4","173177f017c8395099ddf3fe214c6fce",1,"61afbd99",1,"NULL",170,16,102,285940,35.5
"7486bcd1cd44f6698981345594fed903","0098f5bf3fc8c202cd8c7e8ea14b9fdf",1,"2cc544ae",1,"NULL",113,16,68,126919,10.6
"9cb14b043264c0651110ddd1c9563030","10f17f8b30617afa93ea5e83e687cfb5",1,"443c4a57",1,"NULL",144,15,89,196713,20.7
"382f2f7d397289700649bc372f4e2360","05fbc46b7748f0be3f315934abb18447",1,"5292851b",1,"NULL",88,41,66,238898,28
"d4e188872a477b98a5340b136a9627b2","05fbc46b7748f0be3f315934abb18447",2,"1423d41c",1,"NULL",96,41,30,119133,13
"546e32eaeb635a64b14484ab49d50fae","089aa8cadaa9ed4b6fc7ca2968347220",1,"d50dddc2",1,"NULL",88,41,66,238898,29
"0f8d70992398a889eed7d3e1b75f46ba","089aa8cadaa9ed4b6fc7ca2968347220",2,"3dec59c8",1,"NULL",101,41,30,125679,29
"877599bd80093ff677ddbcb44aeaa02f","132949d3b5de83bf922da98bb37cd69c",1,"d50dddc2",1,"NULL",88,41,66,238898,29
"1aff3a20ee71efaf5194de2a0adb6375","132949d3b5de83bf922da98bb37cd69c",2,"3dec59c8",1,"NULL",101,41,30,125679,29
"697b056a689d03361b55dffe77af7f5b","0de0435535b7d8bb4a889f37b8184239",1,"d50dddc2",1,"NULL",88,41,66,238898,29
"985532c2dce51bbc1e1089501483354b","020cac5a619c3929f54bc801907f04d4",1,"d50dddc2",1,"NULL",88,41,66,238898,29
"b96140558e70ce864815c6746da15413","020cac5a619c3929f54bc801907f04d4",2,"3dec59c8",1,"NULL",101,41,30,125679,29
"b5a66cbbbd16857cf9ee891e9414bf84","00f7a60fd23c66e80b3bf30ff45a6651",1,"d50dddc2",1,"NULL",88,41,66,238898,29
"b782a2b64a0af894eb5fe1edcf0bf930","00f7a60fd23c66e80b3bf30ff45a6651",2,"3dec59c8",1,"NULL",101,41,30,125679,29
"64ed647eb5f8db175b3755f7271e7615","0de0435535b7d8bb4a889f37b8184239",2,"3dec59c8",1,"NULL",101,41,30,125679,29
"8c39297d71288ef9ead6356aefba3626","04734debe64ae054421573543f08c078",1,"d50dddc2",1,"NULL",88,41,66,238898,29
"bde738b807e76686c85890449da78f3d","04734debe64ae054421573543f08c078",2,"3dec59c8",1,"NULL",101,41,30,125679,29
"50943eeb8e956d6831fa377c9c605628","09b6e48f67ccccbe733347b5d3a493c6",2,"3dec59c8",1,"NULL",101,41,30,125679,29
"03c1870c0dcc58e061f750b59e8cac21","09b6e48f67ccccbe733347b5d3a493c6",1,"d50dddc2",1,"NULL",88,41,66,238898,29
"52bcb97aa8fab7721a96030807fd9db5","14d0d23c92a4dd4a670afbe5e2f47ae9",1,"d50dddc2",1,"NULL",88,41,66,238898,29
"729fbe905229146474c0c7c2055d4a77","14d0d23c92a4dd4a670afbe5e2f47ae9",2,"3dec59c8",1,"NULL",101,41,30,125679,29
"c6d485526e877c17ec585b057a18865a","12f95e2ad85a6b19dc6ad264ae5def95",1,"d50dddc2",1,"NULL",88,41,66,238898,29
"d723e30d3538cb769a5663241e93ddf4","12f95e2ad85a6b19dc6ad264ae5def95",2,"3dec59c8",1,"NULL",101,41,30,125679,29
"102bcd2e86ff26e09fb47f528c48c2d7","1128aba19d3e159449282fa9205cdab9",1,"d50dddc2",1,"NULL",88,41,66,238898,29
"8bdb5e3697626b9ce94583d3b6f99cb7","1128aba19d3e159449282fa9205cdab9",2,"3dec59c8",1,"NULL",101,41,30,125679,29
"007a7c86adcec72026858fc999a2615a","0885e23ade86ca5943563d772a1c6d47",1,"d50dddc2",1,"NULL",88,41,66,238898,29
"829b48aad481ddc0600a7cb45c41be38","0885e23ade86ca5943563d772a1c6d47",2,"3dec59c8",1,"NULL",101,41,30,125679,29
"7f70cfbf2452919d86a9c8fb6a68d700","0bc47ec3ca4e5e97ce2f1ef15884bed5",1,"d50dddc2",1,"NULL",88,41,66,238898,29
"81eaa31ffdb96dbb5618c1e049b3d369","0bc47ec3ca4e5e97ce2f1ef15884bed5",2,"3dec59c8",1,"NULL",101,41,30,125679,29
"27a4e24f4a6d55a358f12eae9abd7e6c","0285fa9749f9683907dcce07074de9dc",1,"d50dddc2",1,"NULL",88,41,66,238898,29
"725f027dadbe45c0d6c96efc154da8ab","0285fa9749f9683907dcce07074de9dc",2,"3dec59c8",1,"NULL",101,41,30,125679,29
"5e4c4aa18a92682e7a275b114ce93a08","196696358a91b9d5987bfcfe10bc9b51",1,"d50dddc2",1,"NULL",88,41,66,238898,29
"3663186d36cccb531e11e9bd5d5e9ae8","196696358a91b9d5987bfcfe10bc9b51",2,"3dec59c8",1,"NULL",101,41,30,125679,29
"7a29dde02cb8fceaced74c8b564cf80e","17a8db7d9cd9fd5ca6f099f25ad644b5",1,"5292851b",1,"NULL",88,41,66,238898,28
"1469928ddea8afb6cea78d8a0a132e21","17a8db7d9cd9fd5ca6f099f25ad644b5",2,"1423d41c",1,"NULL",96,41,30,119133,13
"084edc5422e339af364728e93fedbbba","08956a9dc86da8c8c7294caa33dc34b6",1,"d50dddc2",1,"NULL",88,41,66,238898,29
"60004ffe7e07ad7ff89bf76005742f07","08956a9dc86da8c8c7294caa33dc34b6",2,"3dec59c8",1,"NULL",101,41,30,125679,29
"63d23d4395ceb4574f95b991b2a0fc69","025476cc6a9b255d27ffc7160f32ee94",1,"5292851b",1,"NULL",88,41,66,238898,28
"14f996380cb8aa6d3c1e7f9b728a9a5e","025476cc6a9b255d27ffc7160f32ee94",2,"1423d41c",1,"NULL",96,41,30,119133,13
"cdb20be22a82174eff622ff5be733854","1213c1b5691f5c24f501e1c89343f80e",1,"e2074bdd",1,"NULL",75,71,98,518230,76
"2fbe42b33ee5f4a46f9d8cef4c79d289","057c94e3ea383c23de935f294792f36e",1,"9954d79a",1,"NULL",168,22,106,386334,36.4
"6a6ea598b5f9b9cb86ee1bbb4e91d38e","02e2968fe98157b96378c936ad2778a7",1,"5ec406fb",1,"NULL",63,71,193,866335,65
"946e1754920d4ffd11a1798494303ac7","10694fbfa62337eb14cfa65a049ab46c",1,"2db3fcb3",1,"NULL",147,21,93,292059,22.2
"10536d3f13fe62cd2ea589182e946167","1b08e65ba1964b24e3dd88fa49f7ca8b",1,"fa397b76",1,"NULL",144,15,89,196713,23.5
"86b529eb0e8efbb3e25b27def599edf4","0eef5cf2dbaa0d9a0fecc2217ba557e9",2,"03d799c5",1,"NULL",97,42,64,264100,36
"aeeaabf66643c560b19faef6f63849d7","0eef5cf2dbaa0d9a0fecc2217ba557e9",1,"d1cb0aeb",1,"NULL",105,39,29,119919,13.5
"63284baabd0600c25032595c13ed2dc4","0dde4ae47b08c0294d2d0a1d895285d6",1,"0f9bffa1",1,"NULL",152,16,91,219531,19
"ddc5b44631c3bb2c2be4a5ebee366099","0d36f56b766e7b234069e5793e920045",1,"47320738",1,"NULL",193,22,120,510723,38
"8fcf8ab412adada897249d50fa3f6ef0","122b90e0ea3ae4615f3408d18d217b86",1,"36e5beee",1,"NULL",183,18,103,345544,39.2
"666a5853dbe0e4da694e09c0ae1b725a","0dfb5bf826999ebe4ed9e3c70c3313cd",1,"185b2c4a",1,"NULL",180,22,114,446395,33.8
"2feddc91f5826f5a88307077c7043f64","0ba246b4c83055c64d81cc4fd3ec2404",1,"185b2c4a",1,"NULL",180,22,114,446395,33.8
"2f36b752d6018afd903d7b10bdb18996","0b5d2aaaf22a7c62e1da8ce8a0c8ce72",1,"2f1f5bff",1,"NULL",130,15,79,158173,13.5
"0a3cfed39f62fe1076449d6fc28f37a2","1025f1407ff63422a74d31d82babf88e",2,"26d354ca",1,"NULL",105,39,29,119919,13.5
"8d2c945de1284a515c9b1d61d3931208","09adfe43cad5f457ece942b90f45da83",1,"41868403",1,"NULL",173,20,104,361783,25
"91f6b5bd91eb5ca065fece9a2bc709b5","1025f1407ff63422a74d31d82babf88e",1,"5560fba3",1,"NULL",97,66,42,264100,35
"a46ade8d0379d04aeee209905bbeaecf","17aafd7c869bbaee0ae2a606c2dc0283",1,"65841a23",1,"NULL",168,22,106,398486,32
"6d4eabd41f42a26912db883679af8a06","1062e3d1d470720db6993845e8ebda90",1,"7e46f897",1,"NULL",130,84,38,412207,26.5
"183d92fa2a1bf90699e34c000e2e38c4","0506ad691dc995d7124db7a77b1a4d17",1,"201796a3",1,"NULL",90,82,201,1471124,116
"c92f7b8b7cc6cbf1bfbff81ddad908a4","12e734983d71febc62ac6ff41484d2f8",1,"9d844e25",1,"NULL",131,18,81,189867,15.6
"6419b90c53b9f4de9e63b5b0ec282242","0feefa7d4a1ba3843abb01418a0ee91f",2,"cb639730",1,"NULL",89,39,64,225705,31
"7e2582a9f8e8cf3a2ef82272258022c7","038d329b49e3587bcb98b998da1c7f7e",1,"191631cb",1,"NULL",67,78,194,1025137,75
"65d7253865c0920d113cba9c62346089","09ab050b9405da65af68057598a8600b",1,"5b20ea40",1,"NULL",168,22,106,398486,29.2
"6ebf41d5ca1b71df5188c3433c51b1d8","0feefa7d4a1ba3843abb01418a0ee91f",1,"b5dcf4c4",1,"NULL",98,39,31,117499,13.5
"8ef8e568bc9f79339914da67b5b34fc3","16a970d891bf22758e709e05a49e95b8",1,"3e0092db",1,"NULL",75,71,98,518230,78
"b9d72faf3823b732df49488cc4a81a71","0f21530ac46328cdaee00fa027b51cb3",2,"2ff4876a",1,"NULL",97,37,64,231748,31.5
"6b23d045e280e770794a18e5311a6184","0f21530ac46328cdaee00fa027b51cb3",1,"87541bdf",1,"NULL",100,30,37,109373,11.5
"93d9c97f765eda7bf0ea055bb7b82a8f","175bb5002bce1b64c00459af9ed135c0",1,"47ad4162",1,"NULL",88,36,61,192243,28
"68d78309dfee753074e42fb24ddbb6eb","175bb5002bce1b64c00459af9ed135c0",2,"c2ff5d0b",1,"NULL",93,39,29,104231,12
"b658b7306697316ff2f9bdf51e4c80b3","0b31174792604a22a54971a16f80bdda",2,"bcee411e",1,"NULL",83,52,22,94692,11.8
"a697104ec92decf1619a0c0e30009517","0343de40441006d93b86d0fc8007a565",1,"1d56d71b",1,"NULL",193,22,120,510723,38
"bddd540b78983c93e4994d087547141c","1003983fbf065cbe42e2626d61f807b0",1,"3cf5eb50",1,"NULL",60,55,98,324030,28
"5d7ca790cd2fd9c23932f6f1d7eca943","0b31174792604a22a54971a16f80bdda",1,"e3beaf9e",1,"NULL",107,79,67,568417,33
"e589e2c5fb35c63c0f198f5148d1580e","0523c6b24fdc84a956e30be42062da0f",1,"2314ca84",1,"NULL",171,18,102,308314,33.8
"470e3ab700e7d8ee6b66fbd40ac3342f","043df8fe6ad2b10a23964cb1a87a7bce",1,"d50dddc2",1,"NULL",88,41,66,238898,29
"07bfd0e86ad9d0092bb542db24e45298","13d6aeecee2b667f266949be6c295b08",2,"63911f69",1,"NULL",103,38,28,110261,13.5
"374749d13f4e2840c480cbc86d140957","043df8fe6ad2b10a23964cb1a87a7bce",2,"3dec59c8",1,"NULL",101,41,30,125679,29
"c45c361c4d94f17979e32c119187025a","13d6aeecee2b667f266949be6c295b08",1,"634c1805",1,"NULL",97,42,64,264100,35
"19b3b46a3bd7a95efda12b6432fc39fd","0a89c14207661d8bc8febeab4aca2faa",1,"f1da9aeb",1,"NULL",107,14,66,100416,8.5
"62180d4ec4ff7c2a259b864f07e1996b","079f88c9a1a5c091f1bb93c00d518e69",1,"f1da9aeb",1,"NULL",107,14,66,100416,8.5
"00a5fde0b2a5126f7798c2ceea6fb05f","0eb0ddd67b3613c51c08b6cdedb9bf3d",1,"9c49adcc",1,"NULL",63,71,193,866335,59
"b9b861d10ccec69415d7619b9a2de624","10de7327f6d754c2745e4700da4e7a8d",2,"f6fc0acb",1,"NULL",40,100,29,117294,12
"3aa0dac0868f9f7dffb751fe1d31e4a6","10de7327f6d754c2745e4700da4e7a8d",1,"230c03a1",1,"NULL",100,43,65,282280,35
"8d3e68d622e049735161409a015c6b62","18177b6b892b100cf83f0d092b690f8d",1,"87541bdf",1,"NULL",100,30,37,109373,11.5
"cfdec2ee786ef3cd31793ceffef92036","18177b6b892b100cf83f0d092b690f8d",2,"2ff4876a",1,"NULL",97,37,64,231748,31.5
"1133fd5f6db0946fa897374a1bb9d86a","1040f7f7766e9330fa35c2308c3a52dc",2,"26bbf8c7",1,"NULL",100,41,29,121311,25
"cbcbfc38fe08d4271aaaebb83782a96e","1040f7f7766e9330fa35c2308c3a52dc",1,"9d1cfb3f",1,"NULL",97,37,64,231748,32.5
"9d6f8c3a26038976b2edd849236aaf6c","0aea4de1b6a6f330d1887d5bd6fd318c",2,"273b9892",1,"NULL",103,41,29,125711,12.2
"bfc2ecfd19630e1f7ddc5bfc86c4c7be","0aea4de1b6a6f330d1887d5bd6fd318c",1,"c41b6180",1,"NULL",100,43,65,282280,32
"656ca0e17080506c7cc8e8a184ea61c1","0e3b96cbcdcf728ad6eb726ee19311aa",2,"da4abfc8",1,"NULL",100,43,65,282280,32.5
"0cc684b408293f96483349ed4dd7e21d","18e15af6aa742c0cde9a7762711505cd",2,"26bbf8c7",1,"NULL",100,41,29,121311,25
"ab5947902256e9ba0ab64e0cdfa8a94b","0e3b96cbcdcf728ad6eb726ee19311aa",1,"cf8621f5",1,"NULL",100,41,29,121311,12
"a95f09f79e7f5028f5f38744a12e9307","18e15af6aa742c0cde9a7762711505cd",1,"9d1cfb3f",1,"NULL",97,37,64,231748,32.5
"16b96eeec59b432a0e895616b472e9ab","15cc8c3a2971279a99a69f463da8a3b9",1,"d62ffadb",1,"NULL",144,15,88,192635,19
"5c4d3ad712c1a6f016d8a81ebfa23120","0866e10eca07907316b5d4116a1f452a",1,"79d7c6ab",1,"NULL",54,48,93,239056,23
"d5ed220ce6be2f697e6a7345fa2dd284","108c8b625e13a122ca328298014cea6a",1,"255ddb6e",1,"NULL",144,16,90,212744,16.5
"3d17ba2a04dcc60650f64eb3c0ac7a9d","15d5a5492ca17fc10f46c894cd62c032",2,"c764d77c",1,"NULL",211,54,53,605153,45
"3b4d430b3deb46f4c140dba8c1398d04","15d5a5492ca17fc10f46c894cd62c032",1,"323ce253",1,"NULL",109,51,84,468046,55
"194ec694db169fe8fdffb4a50063e29d","134cfc6db650fac2dcacf60f0a47f65c",2,"aac3c8d8",1,"NULL",102,60,54,328170,36
"b2ff3ed871383916ac9430ca8c834aac","134cfc6db650fac2dcacf60f0a47f65c",1,"80167f0b",1,"NULL",85,49,20,83168,13
"f6ad565d11e03bc4e7f0a6a89cf28fa9","08b1bc64b9265c094aee2d66c5a83e7c",1,"6cab6c6e",1,"NULL",171,18,105,323956,28.4
"35da864ad35715aa7112dd041180dedf","05114c6a1b9519363342e52ee714cb31",2,"838b0cf3",1,"NULL",96,45,66,278715,34
"f5acaad79535a8457886790c6754eb23","05114c6a1b9519363342e52ee714cb31",1,"1b934b3f",1,"NULL",101,41,30,125679,13.5
"609884e877ce065400e56578a83d3857","080892d54902a0b38eaaba4930707898",1,"6023aff7",1,"NULL",56,66,172,625950,45
"4e88c73a322fbacd98e00e7eef36d199","1657e190596c81cb63f0e2e2c5b6f59b",1,"aa041945",1,"NULL",69,71,109,538262,46
"466484506c5e11674259185e14bf1f6b","0708194e967762bb1cd87a8680bdc9cd",2,"6260003d",1,"NULL",103,73,60,448298,39.8
"a949be275f970f6ce35f1f6abf05ae30","0708194e967762bb1cd87a8680bdc9cd",1,"da0772ad",1,"NULL",95,61,26,150665,16.5
"1f3bee988392ab2437df97ee4ec83fb8","1a0319f40eefabe1491a4e1eeab522be",1,"255a4875",1,"NULL",130,15,79,158173,14
"a056e3444f40946030ddb8c10b250925","0f19fdc04b21050d928bd67416a4965c",1,"d911fcff",1,"NULL",70,70,58,286639,36
"5722a2e2c7a34fe54e88a2c3f64e92b2","0bfc68e38aa9fefefb948287a84994da",2,"26d354ca",1,"NULL",105,39,29,119919,13.5
"9b62e031ab22670b225d95a0ed876366","1a322b28254eb37044a358cce5e505c2",1,"79d7c6ab",1,"NULL",54,48,93,239056,23
"8e68806cfafaf3fc92a19edea438b0ee","0bfc68e38aa9fefefb948287a84994da",1,"5560fba3",1,"NULL",97,66,42,264100,35
"92b5f007fca9abfe498b65c14dc98c82","1adf8aa5ab97b6be37c51cadacc2aff3",1,"e2074bdd",1,"NULL",75,71,98,518230,76
"00afae853a9f6cf0532c96c83c1cc75a","10d6e6548100d2a08d6136fe4fff4337",1,"00a6b9b2",1,"NULL",93,44,68,274979,39
"8ec582ce1e2dd4f8a1a7d91c96ff8765","110d909f527e0f664b65dcc54ca73e3a",1,"be332038",1,"NULL",67,67,108,483835,41.5
"c9a96b6d797d8e762dc25ec87d806d90","10d6e6548100d2a08d6136fe4fff4337",2,"684a45be",1,"NULL",106,40,32,138209,12
"af5e2978390eeb07efeffe482b4d61ee","09a02cf038e66e1862d31500d0af7c00",2,"2ff4876a",1,"NULL",97,37,64,231748,31.5
"09bcc7f4ad60a162269bb6508425d401","0b453969e69ae775b0fad8f492d0e239",1,"17811129",1,"NULL",90,84,200,1524562,123
"ce6785b0bb4bd510d270810f9362f6e6","14718b9a46498932043d10aab778e0b3",1,"78ec80fa",1,"NULL",69,75,100,514700,72
"789a357711d03c33cb64c0e927ed87d5","09a02cf038e66e1862d31500d0af7c00",1,"87541bdf",1,"NULL",100,30,37,109373,11.5
"f23e8c600acb492082c6931e3713440e","12817b7776e5e4f5fc89d25ea748b239",2,"69f68cba",1,"NULL",55,59,196,635758,41
"d45eb5a4a2c19c9c915fb52ea038c8ee","0f882f34f13ffc923c585647d22e59e3",2,"2ff4876a",1,"NULL",97,37,64,231748,31.5
"f5a70b7393547f87c235bb5228db9c66","0481ef6a6e9321c8fc9e567b27e2d3ac",2,"3dec59c8",1,"NULL",101,41,30,125679,29
"ac954748e635ad149a7e888aed3f4dc2","12817b7776e5e4f5fc89d25ea748b239",1,"648cfd55",1,"NULL",101,44,71,315352,51
"924b52ad613c1128b71fae1133702b81","0481ef6a6e9321c8fc9e567b27e2d3ac",1,"d50dddc2",1,"NULL",88,41,66,238898,29
"785f51bf9323b9ecde54e1014005bbe8","15e1dc1fb4c6b1bf25d6c65647b6d6cd",2,"3dec59c8",1,"NULL",101,41,30,125679,29
"0e25997219ff8b1673678a4105430240","198975c582f70fb0fce2deae40e6517d",2,"e3113196",1,"NULL",58,55,196,624031,45
"f6055bbf6c786c669f4fef27ddadb563","15e1dc1fb4c6b1bf25d6c65647b6d6cd",1,"d50dddc2",1,"NULL",88,41,66,238898,29
"6b17357201cf27680689d2b615bff258","198975c582f70fb0fce2deae40e6517d",1,"f05785c0",1,"NULL",48,111,81,434423,52
"9b560128acddb64e329b712db68c873b","0487d5ce1b7c16301796515c58d2f1aa",2,"3dec59c8",1,"NULL",101,41,30,125679,29
"4626997a5c80ac54f18522e1ab1bc103","0f882f34f13ffc923c585647d22e59e3",1,"87541bdf",1,"NULL",100,30,37,109373,11.5
"553eab13fd71c786108fe06bb483f717","0487d5ce1b7c16301796515c58d2f1aa",1,"d50dddc2",1,"NULL",88,41,66,238898,29
"e76d9d6bb6b38dd6bfc1d8bd77376827","010067598d46a6bd9242f9ad3a3d169c",2,"3dec59c8",1,"NULL",101,41,30,125679,29
"8e3924cf17b2a82c2c1a2aed07c820c0","010067598d46a6bd9242f9ad3a3d169c",1,"d50dddc2",1,"NULL",88,41,66,238898,29
"62930e7dd7e0366ced11ee565dfab8ae","1561e29a87e5a88d1e94d2ff391c8f44",2,"26bbf8c7",1,"NULL",100,41,29,121311,25
"5be8639bf3bb043c0c7d96259a166cf3","1561e29a87e5a88d1e94d2ff391c8f44",1,"9d1cfb3f",1,"NULL",97,37,64,231748,32.5
"a124c6cf730e96e11770c9fe069db893","06d28802b9203c05ce0e13da291704f7",1,"7781a36e",1,"NULL",121,67,102,833416,49
"ad89c650b61e718c70e817cb69e9da8c","023147ce1569a7621f301c2d62471a64",1,"d50dddc2",1,"NULL",88,41,66,238898,29
"4809abe8a9e7f10e0942bbc58090874c","023147ce1569a7621f301c2d62471a64",2,"3dec59c8",1,"NULL",101,41,30,125679,29
"bbe57cd1b831834349e1eee68e27908f","00bc15ff295457dcf9a6d7ac4efd6e11",2,"3dec59c8",1,"NULL",101,41,30,125679,29
"01454e975dbf325222e1b7e7724b0ff6","00bc15ff295457dcf9a6d7ac4efd6e11",1,"d50dddc2",1,"NULL",88,41,66,238898,29
"3bb01d88248da51d6ae6ec7d83bcc4a4","17f4379a195807296a8445b2977b1bf1",1,"d50dddc2",1,"NULL",88,41,66,238898,29
"91675fa011fec9767ce59c026630c653","17f4379a195807296a8445b2977b1bf1",2,"3dec59c8",1,"NULL",101,41,30,125679,29
"88582934dde3308249911a9977b682c9","0be9b3f5767ac939439ef7bdece7c2e6",2,"f99b53db",1,"NULL",97,40,61,238755,39.5
"04b4efcdb91362c98880198016adb5dc","0be9b3f5767ac939439ef7bdece7c2e6",1,"98b7b633",1,"NULL",87,36,29,91463,11
"685625a30cc38017e7c7819c48e863fc","15f0bbad08f35f5d3bb3cc46b9b8741c",2,"7f187ff9",1,"NULL",106,42,30,135615,13.5
"b05e98ca9e9569d4da101b6f3bf725f5","15f0bbad08f35f5d3bb3cc46b9b8741c",1,"ea698e21",1,"NULL",97,42,64,264100,35
"7e6acee07868211a9f1623f3ff513d84","0d40669c531c3cb26f05e8b6fe2b97f4",2,"69f68cba",1,"NULL",55,59,196,635758,41
"31320bb2c789a316d2f721e2c88bcff5","160582495c5148bb39cd90551f8d4ce0",1,"1b934b3f",1,"NULL",101,41,30,125679,13.5
"101aa5cb35e733a41a5d52f0a5c2c7b8","160582495c5148bb39cd90551f8d4ce0",2,"838b0cf3",1,"NULL",96,45,66,278715,34
"32340db119bb6f2789814c4617641db2","136039e47a675ec2a2c090c61ee5be29",2,"e90a1357",1,"NULL",98,39,31,117499,13.5
"f4c9a2267edb3e5f147cfaf8b50237c1","136039e47a675ec2a2c090c61ee5be29",1,"5cc4d8ac",1,"NULL",92,38,62,220021,36.5
"db3b7dee6cf3b61cde76afd707b6ba76","03cfef15829db2bb2ce3132646cfdf18",2,"e90a1357",1,"NULL",98,39,31,117499,13.5
"1c9c5d0c82f8b52f322de49238d2c9e5","03cfef15829db2bb2ce3132646cfdf18",1,"5cc4d8ac",1,"NULL",92,38,62,220021,36.5
"b1640cf250cc5f09a13d40b5019473d2","0d40669c531c3cb26f05e8b6fe2b97f4",1,"648cfd55",1,"NULL",101,44,71,315352,51
"5d51e23601fe06c8f944d053a5160830","17b1b3149662be9894875c9c22a6f6f9",2,"e90a1357",1,"NULL",98,39,31,117499,13.5
"e63a38473036eb6cc1f3182c6f6f9e02","17b1b3149662be9894875c9c22a6f6f9",1,"5cc4d8ac",1,"NULL",92,38,62,220021,36.5
"bf2c6f6523403261d374e3955b41240b","11de142fe6085fdecf154b6acf6891fe",1,"6023aff7",1,"NULL",56,66,172,625950,45
"d032a2bf1a8de456c572763a3fa86710","0a76cd3abd9e937f6e94ba2a0a46d93e",1,"6023aff7",1,"NULL",56,66,172,625950,45
"d179c07153aa2544c19a9d7a016cdc18","17eb1f381662cb56d97680de8e477efc",1,"1b934b3f",1,"NULL",101,41,30,125679,13.5
"a4eb0b081b3c63ea0af65cb231ee3ccf","17eb1f381662cb56d97680de8e477efc",2,"838b0cf3",1,"NULL",96,45,66,278715,34
"710a29b1c5e6ca6411b2594e036935b4","0320b6df20ea005088ea93436b57784e",1,"d50dddc2",1,"NULL",88,41,66,238898,29
"fbb23d61428fcab85158a6b72507284e","0320b6df20ea005088ea93436b57784e",2,"3dec59c8",1,"NULL",101,41,30,125679,29
"d4274cf3102be1992590a7cb941f07d3","1ab279e8c5017923511e853a8b92bba3",2,"3dec59c8",1,"NULL",101,41,30,125679,29
"052d8609a8edd03d9c606622de02e28e","1ab279e8c5017923511e853a8b92bba3",1,"d50dddc2",1,"NULL",88,41,66,238898,29
