rrs_order_extend_id,order_no,client_install_date,client_require_date,oms_aging_name,oms_aging_user_date,appointment_date
7a1dbf8c2587f41bfddbb12ce6ca806d,035188628d5af77c3643de599084d162,2019/6/2 23:59,2019/6/2 23:59,24,2019/6/2 23:59,2019/6/30 23:59
976079f3810bddaf0d51c39085bba2ae,014ec2e96b8e6e7fb5add53c9fcd622a,2019/6/3 23:59,2019/6/3 23:59,48,2019/6/3 23:59,2019/6/2 23:59
610c7af51ae9f8c52a71c53860247ec1,09408c3009693e1f224c3566d6f25c52,2019/6/2 23:59,2019/6/2 23:59,24,2019/6/2 23:59,2019/6/1 23:59
c6c858c19685733ac26daf644e23a2c4,0d9e1d53cfc6eb26a1437c76b71c7c34,2019/6/2 23:59,2019/6/2 23:59,24,2019/6/2 23:59,2019/6/1 23:59
e4732187f6fcd0d0aa359336f4d38ed5,0a9a97cf29ea21d72ce7de7fd2ede1c2,2019/6/2 23:59,2019/6/2 23:59,48,2019/6/3 23:59,2019/6/2 23:59
22b557844334f59933f24707c03c508d,0dbe8530d6b64880710c39904fcc6525,2019/6/2 23:59,2019/6/2 23:59,24,2019/6/2 23:59,2019/6/1 23:59
094c1bfee92194bf83945d7b8072dfd1,0462ab2816466fd0cba6bb9a5d70e5de,2019/6/2 23:59,2019/6/2 23:59,24,2019/6/2 23:59,NULL
b8a94eac45d96ee1f9c5564583ab13f6,0cd53494dff5b80d2b557a7c6ffec6b7,2019/6/4 23:59,2019/6/4 23:59,72,2019/6/4 23:59,2019/6/5 23:59
c6c64b4d006fd848d561fcddb99a2ba5,0f8b7519f5c331b0202a9e5d8a6f0d72,2019/6/2 23:59,2019/6/2 23:59,24,2019/6/2 23:59,2019/6/1 23:59
524a3246b23301df03f3e9a47ef31469,0e9e873dd1965d330a849a5a5d553d5f,2019/6/2 23:59,2019/6/2 23:59,24,2019/6/2 23:59,2019/6/5 23:59
fe01054b705cb7e68d13912b216204a9,061d4f173724dbd72a76dc1c938462a4,2019/6/2 23:59,2019/6/2 23:59,12,2019/6/1 23:59,2019/6/3 23:59
652b983d70de2523acae362f9b3fcd87,0422b03912e62e9e3f85cb34a35d42b5,2019/6/2 23:59,2019/6/2 23:59,24,2019/6/2 23:59,NULL
9d103f72e89a68a4ef1b2b204414d175,0d3abed6807e5d24e528e5a790b9b8f9,2019/6/2 23:59,2019/6/2 23:59,24,2019/6/2 23:59,NULL
adcd585c28af5e907f041fbdf047831f,078e8539249c78cff4a7566ce34a65d0,2019/6/2 23:59,2019/6/2 23:59,24,2019/6/2 23:59,NULL
f861d39f5a6a8a9d7095f51e5a1f916a,0249aaeee5c5ed7c0d6ba2729a26dd54,2019/6/3 23:59,2019/6/3 23:59,48,2019/6/3 23:59,2019/6/1 23:59
5e8e0f2e822661c1d3a5817f80a01b02,0edf23c7003bc7ea39bf42d25296a651,2019/6/6 23:59,2019/6/6 23:59,120,2019/6/6 23:59,NULL
40f538012204bb3cde6ad3a710504d2a,121d0c916b062d62f5cc32d0e02b265f,2019/6/5 23:59,2019/6/5 23:59,96,2019/6/5 23:59,2019/6/5 23:59
c2732d5546a79d6e322424ca7e296dd4,17c3af741ead7d934dde04a23793c906,2019/6/6 23:59,2019/6/6 23:59,120,2019/6/6 23:59,NULL
d18f9fdc1c4857bfa03e61ee0e5658da,12b38380ea9c1f67087d2d3397dd2b41,2019/6/13 23:59,2019/6/13 23:59,288,2019/6/13 23:59,NULL
05e883352846187c72d779e097332f4b,07ec54db0719cdfb377198038bd13437,2019/6/2 23:59,2019/6/2 23:59,24,2019/6/2 23:59,2019/6/7 23:59
7a1728334c13010c5798b14e6e00e730,1810fe6fad2d44a7b0da1d8d3121be7f,2019/6/4 23:59,2019/6/4 23:59,72,2019/6/4 23:59,2019/6/3 23:59
a74b23edd0ee1fb4f5c255d9ed3050be,000065e57e1c3e6b26693820b1fbd49d,2019/6/2 23:59,2019/6/2 23:59,24,2019/6/2 23:59,NULL
95630f131f0ee7ac42d3c2e4a516f3fc,11b0641ddec9387815a29aa8a7fa9b06,2019/6/4 23:59,2019/6/4 23:59,72,2019/6/4 23:59,2019/6/3 23:59
12899fa1b02e443a5ef442cfe3b4da9c,14e2dd265bbb48daa2c7d742b1821cc2,2019/6/3 23:59,2019/6/3 23:59,48,2019/6/3 23:59,2019/6/2 23:59
db150699dc8a0a451b5dd7331fb1b468,0a160f2e07a657a61c013010507d5149,2019/6/4 23:59,2019/6/4 23:59,72,2019/6/4 23:59,2019/6/3 23:59
1b1d65219a729e3f116f07361bf8aec0,04cd41303a1e40a79838d8b3f9f250de,2019/6/2 23:59,2019/6/2 23:59,24,2019/6/2 23:59,2019/6/1 23:59
0f9189c7186a7c0af55fb4ad10927c2d,097b4c8519e212584bed0316c80bba45,2019/6/2 23:59,2019/6/2 23:59,24,2019/6/2 23:59,2019/6/2 23:59
e3b63e66bc8c071f018f7cef8070e566,020f8bfff1ce76560c9b9c8632fbd6a2,2019/6/3 23:59,2019/6/3 23:59,48,2019/6/3 23:59,NULL
67253c137341f3a03ef4d6d508b29ea4,06021dc5b398e40d5ec7114bd6e4c24b,2019/6/3 23:59,2019/6/3 23:59,48,2019/6/3 23:59,2019/6/4 23:59
5ee757d0d9b5d56e8aacad1d7164ec00,0b58e682c9ea5505bd758994e7dac5d4,2019/6/2 23:59,2019/6/2 23:59,24,2019/6/2 23:59,NULL
f14d78c5ddc164d685214fb63245eb18,1868a2fe43195406766962c736be4e7c,2019/6/3 23:59,2019/6/3 23:59,48,2019/6/3 23:59,2019/6/3 23:59
9bee63c9d1cf1227e4e467d01847c952,058743cfb6d065ef01b7d02b3236f4c8,2019/6/3 23:59,2019/6/3 23:59,48,2019/6/3 23:59,NULL
c354ff2e1f0aae5e44a390e4b7b53b05,1adae82ca9b336351f78fb712805e2b5,2019/6/6 23:59,2019/6/6 23:59,120,2019/6/6 23:59,2019/6/9 23:59
2b9b1ed4bdc8cc28046b322c560f8cd2,1070f1e0345f0fc8db278b8ce1c5decf,2019/6/3 23:59,2019/6/3 23:59,48,2019/6/3 23:59,NULL
fd5af79a349b3a70ca604c8a2e35f760,19b664eb56dd1093db342eaf4b31ddd3,2019/6/4 23:59,2019/6/4 23:59,72,2019/6/4 23:59,NULL
dc3a484da05a0aa438d2d4ab65c7308a,173cf68039a9ada690cad419fb3e8711,2019/6/3 23:59,2019/6/3 23:59,48,2019/6/3 23:59,NULL
00a10f3ce86049e49501984607937303,11b9869557c1eb2a6ad0d4d2e8ef916c,2019/6/2 23:59,2019/6/2 23:59,24,2019/6/2 23:59,2019/6/2 23:59
2822728efea79cba69fd96029f8400ae,0f3e8445a09be7238c06a87f2a7f07b2,2019/6/2 23:59,2019/6/2 23:59,24,2019/6/2 23:59,NULL
1b9b3b27e8770dfccd3591214a785ebc,105e680f4e06a59cb8ec274c6dfc2a67,2019/6/2 23:59,2019/6/2 23:59,24,2019/6/2 23:59,2019/6/2 23:59
ea3cb26fb7f4a20e326426907fe45567,06da4fa4bc964ea8db260a49668ac83e,2019/6/2 23:59,2019/6/2 23:59,24,2019/6/2 23:59,2019/6/2 23:59
ff7601b4cf4d25984b84aaa9e8814723,13807a446e72064e21e4d6f901bc99e1,2019/6/3 23:59,2019/6/3 23:59,48,2019/6/3 23:59,2019/6/2 23:59
f6f9ead8ebae3767e5ad8535279dad4c,0253ef3289c3418b39cdab0cc2db17c2,2019/6/3 23:59,2019/6/3 23:59,48,2019/6/3 23:59,2019/6/2 23:59
5e2381dfa8ccb5e19b3ce1988482d979,0066a7c6603a16ae9f2c0d41fa906483,2019/6/4 23:59,2019/6/4 23:59,72,2019/6/4 23:59,NULL
76c3f7fdd3260f9ab22f6236cf011010,0b93794736ee8c2d97046fda0475117b,2019/6/3 23:59,2019/6/3 23:59,48,2019/6/3 23:59,2019/6/4 23:59
d737f527a4b7a9cca8c4652bea0e7c7b,163d32d57949bd6d793f0245dd915855,2019/6/2 23:59,2019/6/2 23:59,24,2019/6/2 23:59,NULL
874a1656780ef4cea8712a1ff4d0696c,1546aa6c38b25ea1814a8c565d3289e7,2019/6/4 23:59,2019/6/4 23:59,72,2019/6/4 23:59,NULL
04185ed8abe157edf3da5871024d467e,16e386f7706d7c45ef0e1dec7d941c50,2019/6/2 23:59,2019/6/2 23:59,24,2019/6/2 23:59,NULL
90d509951648f040adc811c3ce8299f4,197a03a0815fba37a4d688d75a95fa43,2019/5/29 23:59,2019/5/29 23:59,120,2019/6/6 23:59,NULL
7afaa5ca62ed6d834b9237e747cfe416,0057a7ea0b254a3649c87dbcb4f5f752,2019/6/2 23:59,2019/6/2 23:59,24,2019/6/2 23:59,2019/6/2 23:59
0c5390e9cfdbdb7cbf457f4f8d3cbe4d,085dc92578c897bd13e30dc30a15e3fc,2019/5/25 23:59,2019/5/25 23:59,24,2019/6/2 23:59,2019/6/1 23:59
23e5e35289b7c5eb53e64f4116423d3b,06e21743c3f0dc63716c24d2dfb84d5e,2019/6/2 23:59,2019/6/2 23:59,24,2019/6/2 23:59,NULL
f5bccce65cbce639b91d78a38bfe1757,158392116198dfb2acbb6ae01024ca31,2019/6/2 23:59,2019/6/2 23:59,24,2019/6/2 23:59,NULL
c32929163de4dd3b93af46c778979979,153f5aabd736e41e46d8e7608673111d,2019/6/3 23:59,2019/6/3 23:59,48,2019/6/3 23:59,NULL
5d784cbaa513b0e5731fd34ca00d7511,0d33e879da027f8186823757f941a210,2019/6/2 23:59,2019/6/2 23:59,24,2019/6/2 23:59,NULL
6f558da0bee9a81cbe71fd82612726fc,0c0e9e00fa32c13b5186284e28c33fef,2019/6/5 23:59,2019/6/5 23:59,96,2019/6/5 23:59,2019/6/4 23:59
1fdd3c51728aea02cfc7581a062d0be2,10eb7df181cbc960ef6c11f130e12049,2019/6/3 23:59,2019/6/3 23:59,48,2019/6/3 23:59,2019/6/3 23:59
b09bb1e15cab7132f41ffe10852641ba,097680d7299cac6b2e0d7c96f267417e,2019/6/2 23:59,2019/6/2 23:59,24,2019/6/2 23:59,NULL
bde2e1149c185e9f267ddcd9263673e1,15991b1fce8630270153a4ce6870a5e0,2019/6/2 23:59,2019/6/2 23:59,24,2019/6/2 23:59,2019/6/1 23:59
c3d76f600078db6918d138887ec706a4,0f167fda9e27e44df5efe3b451d08e49,2019/6/3 23:59,2019/6/3 23:59,48,2019/6/3 23:59,2019/6/3 23:59
589e5e7da6386f1f7a5ddc55b9dadebb,0dace4fbe864956411962f0c3792bcba,2019/6/2 23:59,2019/6/2 23:59,24,2019/6/2 23:59,NULL
1cd0b7d5c68a0bd238fd8dd63066feef,02e51bebbc9ee5df08b1598012969fd7,2019/6/2 23:59,2019/6/2 23:59,24,2019/6/2 23:59,NULL
6dcee0aa6cb86e0758eca6eb7bd364b0,039e320e9e73d217c5d0fea7986fcdb4,2019/5/25 23:59,2019/5/25 23:59,24,2019/6/2 23:59,2019/6/1 23:59
7629af3dec2402cf7739327447e991dd,121b4061fa95440638076c3834b9c789,2019/6/2 23:59,2019/6/2 23:59,24,2019/6/2 23:59,2019/6/2 23:59
997fc2a0ffa3766b84b1f893a817145f,077dd78652809eea9f1cd1d67c395a17,2019/6/2 23:59,2019/6/2 23:59,24,2019/6/2 23:59,NULL
ffc48ec7cebd2541fcb398debcbe982e,185e58d0ac1b02ef51d0e3f2b18f2cd6,2019/6/3 23:59,2019/6/3 23:59,48,2019/6/3 23:59,2019/6/3 23:59
4e4f0599185d201e4663fbeb7973935b,0e16b4f670cadd6d9201c5d31c854de6,2019/6/3 23:59,2019/6/3 23:59,48,2019/6/3 23:59,2019/6/3 23:59
49ef4c2339c895884b0bb950f7890c77,116f05d23c16813b07561a1dcc1468d2,2019/6/3 23:59,2019/6/3 23:59,48,2019/6/3 23:59,NULL
da4332350ee62b84ed8678154f577240,13173304f90777f35ea2c8817af7fb7c,2019/6/2 23:59,2019/6/2 23:59,24,2019/6/2 23:59,NULL
c0a9287b059d4fd06850f6a2ff8400d2,00f17052b54fcc9fe5920a553bc24d38,2019/6/2 23:59,2019/6/2 23:59,24,2019/6/2 23:59,NULL
4c9aae71801acd3c6a71c999fb780dc2,0862faf009f34be07e29ea7953e0a356,2019/6/2 23:59,2019/6/2 23:59,12,2019/6/1 23:59,2019/6/9 23:59
f0a0c1bc59c69d54395b4530029dfa0e,184c38a55a59454fcce96fb175b33ea9,2019/6/2 23:59,2019/6/2 23:59,24,2019/6/2 23:59,NULL
c7ecf96a63979acb2d82da68235db788,0077557fbd968e765acb334d5bf46b8f,2019/6/2 23:59,2019/6/2 23:59,24,2019/6/2 23:59,2019/6/2 23:59
8cd7445c79c39143e16a866156c6344e,07a04c8fec11805fa09229c6f7e2d56e,2019/6/3 23:59,2019/6/3 23:59,48,2019/6/3 23:59,2019/6/2 23:59
6ac7379559179c73a87c81f0524afedb,19a74c7df2ef91771bc07a8ce92fe9c4,2019/6/2 23:59,2019/6/2 23:59,24,2019/6/2 23:59,2019/6/2 23:59
035b5fc8f586039050be8f98d9c0f27b,123d699e6831a6a7c3e53d5886196857,2019/6/3 23:59,2019/6/3 23:59,48,2019/6/3 23:59,2019/6/3 23:59
dd7295de0d7eabbf4d06f94cc04c3e67,15b02685928402b4faf441c589dbd6d8,2019/6/2 23:59,2019/6/2 23:59,24,2019/6/2 23:59,2019/6/2 23:59
f213410f5fbd05762fb34313e0b40ca1,10639890b5c51c1ada58349633cb2fe2,2019/6/2 23:59,2019/6/2 23:59,24,2019/6/2 23:59,NULL
92a1f9d9dba8b9720b49d688361d4d82,01f0b55b023196489b55b6c150a66f5b,2019/6/2 23:59,2019/6/2 23:59,24,2019/6/2 23:59,NULL
cc96cf4743e1d820591a957d29be81fc,07f6fb147c3856f613b836b969b6d384,2019/6/2 23:59,2019/6/2 23:59,24,2019/6/2 23:59,NULL
299f2b1c418c7537fc6afc8fde218b91,02014419a0742a67d9a4c4fb099b7065,2019/6/3 23:59,2019/6/3 23:59,48,2019/6/3 23:59,NULL
a4bccd31f461e952b0ecf46c06fe5457,070eb0ec60cbb5ef30afc53dbcb807e8,2019/6/3 23:59,2019/6/3 23:59,48,2019/6/3 23:59,2019/6/3 23:59
3a4ad0a60b0063140831e0ef85435abc,158253c044c7b47c20abe7322ba03e2d,2019/6/2 23:59,2019/6/2 23:59,24,2019/6/2 23:59,NULL
5c23edf11024874a50ad1ebc30004a01,02ed7ef90742a0ead011a681525a1e3b,2019/6/4 23:59,2019/6/4 23:59,72,2019/6/4 23:59,2019/6/4 23:59
bfb2f984ad978f0239cc4e130e0efb51,0e9fe2af155e7c59f78d840e8c051e43,2019/6/2 23:59,2019/6/2 23:59,24,2019/6/2 23:59,2019/6/1 23:59
d206ca41a7c3bf40a38e164d5d2ef478,12779a4fea7552ccd0cf452820f35dc7,2019/6/3 23:59,2019/6/3 23:59,120,2019/6/6 23:59,2019/6/4 23:59
81546ef5b957b810f9389ba42255d3b5,0d0a09d33b1190313a392d619e9d223a,2019/6/4 23:59,2019/6/4 23:59,72,2019/6/4 23:59,NULL
9e37011ee0ade176fdb229b55de44332,0fcd62d143d342653ff21bf72089536e,2019/6/3 23:59,2019/6/3 23:59,48,2019/6/3 23:59,2019/6/2 23:59
4f6b2328c88c7cbb00303b381c0b8b34,033606fb1d61512b247f7002e1e8f8b8,2019/6/4 23:59,2019/6/4 23:59,72,2019/6/4 23:59,NULL
bf2ab2f1ce89704cef365059ae75d09e,057aacacc7647ce61fe847c990da7e60,2019/6/2 23:59,2019/6/2 23:59,24,2019/6/2 23:59,2019/6/1 23:59
ce1a1486f616451476e855cd36205a4a,14853e7a684ae15e5e2b3da57e1188c3,2019/6/2 23:59,2019/6/2 23:59,24,2019/6/2 23:59,NULL
8d3afc499ac1a6d8b63952a5ee7bc8a9,10f1886e9774684ab1fe493b41763318,2019/6/2 23:59,2019/6/2 23:59,24,2019/6/2 23:59,NULL
6a1c79cfd495e114b0c35fae851b4b10,0a2a41bfbfc109073a923eb48fd002bb,2019/6/3 23:59,2019/6/3 23:59,72,2019/6/4 23:59,2019/6/3 23:59
86f18b89d49e73e5ef847281fb936bf8,0da95e604eb6091c4606722b008bf0c0,2019/6/2 23:59,2019/6/2 23:59,24,2019/6/2 23:59,2019/6/2 23:59
09fffaccfd550253ed5878f5de626dda,0380f38bff9d3b491842337931aed722,2019/6/2 23:59,2019/6/2 23:59,48,2019/6/3 23:59,2019/6/3 23:59
efc6b358d350d892f4b5591c1e02e3c7,0deabc3bb44b51151a440195993fe5ca,2019/6/2 23:59,2019/6/2 23:59,24,2019/6/2 23:59,NULL
02c02dd804959ca26f8fe56b97054670,10bbc3e288fc4b042c13ecee32b67593,2019/6/3 23:59,2019/6/3 23:59,48,2019/6/3 23:59,NULL
b231f6b3132fcd7ac973ccda9536c288,083eef1595195d58cc749568d9190210,2019/6/3 23:59,2019/6/3 23:59,48,2019/6/3 23:59,2019/6/4 23:59
63f478b8056b6e73402aaf3ca68ab4c8,08fa9605ae22cdc87c1a358f0760eb16,2019/6/4 23:59,2019/6/4 23:59,72,2019/6/4 23:59,2019/6/5 23:59
085ff9abd7873d0fa2a3fc346d26eddc,0422baaccbd32af822454e834090e9f6,2019/6/3 23:59,2019/6/3 23:59,48,2019/6/3 23:59,NULL
50b274f21dd9347708a1dd55f7ab7be3,14a49aa8053fcbde50cff8c0c69e1bd8,2019/6/2 23:59,2019/6/2 23:59,24,2019/6/2 23:59,NULL
b83d7deee9c2f09eccfd6971e8a7cb67,0e3c51268144f1ebabfb6f99e2362b47,2019/6/2 23:59,2019/6/2 23:59,24,2019/6/2 23:59,NULL
e525b39b9f2184041270286a297bcc43,020542e898b760c1ee66f4c69c34360c,2019/6/1 23:59,2019/6/1 23:59,24,2019/6/2 23:59,NULL
526f811f393ddff3ea9b7b7f817fdc0e,0b2527cec6f79b98cc2e4a46f6babad2,2019/6/3 23:59,2019/6/3 23:59,48,2019/6/3 23:59,NULL
8370ddd7e0dcdc0161da6c53231e313c,008aef7d519153f86e3cc0cc25c33caf,2019/6/2 23:59,2019/6/2 23:59,24,2019/6/2 23:59,NULL
7e9fd53863628d982c4c97b9594f42ea,124e1d64db0ac1596d95ae341d35b378,2019/6/2 23:59,2019/6/2 23:59,24,2019/6/2 23:59,NULL
70637a16d1bc886de39c2e9c08c5dff4,0b995a3574f4b597850118d466871b0d,2019/6/2 23:59,2019/6/2 23:59,24,2019/6/2 23:59,NULL
c0ee0ab51a5c28f9e217205553414c96,186d6f25cb6a6a277d10d99441515a68,2019/6/3 23:59,2019/6/3 23:59,48,2019/6/3 23:59,NULL
d760bb3c4a59fe32cd2a9895fb6df245,17b1808c4880c7581567b54ad8b76bc6,2019/6/5 23:59,2019/6/5 23:59,96,2019/6/5 23:59,2019/6/4 23:59
115151822827170406a955b210458197,0c1a305ce890accb7df05e7e93028596,2019/6/2 23:59,2019/6/2 23:59,24,2019/6/2 23:59,2019/6/1 23:59
1c43148bea34d845984658554b22a3ce,0b2fe1db9596e16ae58e94268c0b7d4e,2019/6/2 23:59,2019/6/2 23:59,24,2019/6/2 23:59,2019/6/1 23:59
82a1866872c1413545a05dbae99be2de,087c8a50371f6f66ab310dc113fe8311,2019/6/5 23:59,2019/6/5 23:59,96,2019/6/5 23:59,NULL
faacc6d7c4534fa8fea6f546a7636403,084798804559be758316e0ba6a496428,2019/6/3 23:59,2019/6/3 23:59,72,2019/6/4 23:59,2019/6/2 23:59
89c487e386a06a9da9eb287d34406f59,121b79ebf46d93ed00cea5c1de60ca4a,2019/6/3 23:59,2019/6/3 23:59,48,2019/6/3 23:59,2019/6/3 23:59
4f20ed6136f7575af8c2aeca20e594cd,15573623c714cde1d89bd9ebb2799881,2019/6/2 23:59,2019/6/2 23:59,24,2019/6/2 23:59,2019/6/1 23:59
0e121935b4354bbb0971aa59d77259d1,03d53fcab061bf8e335d6f211d9d34a1,2019/6/3 23:59,2019/6/3 23:59,48,2019/6/3 23:59,NULL
d995b2be47767789fbe61dc1d7f4dea1,1975ecbf6cac6a8fa38ecf447e677333,2019/6/4 23:59,2019/6/4 23:59,72,2019/6/4 23:59,2019/6/2 23:59
c484c34a8c4bb87ef377f48b77388665,0d9d8fdd6a828013d47d91a90bd3a5bd,2019/5/24 23:59,2019/5/24 23:59,48,2019/6/3 23:59,2019/6/3 23:59
a9c6579879c10a122070310ff9e7ad14,140edce15f91f884299988f39a9e3c0e,2019/6/2 23:59,2019/6/2 23:59,24,2019/6/2 23:59,NULL
c360c4205931553c99a8a46280ea2f43,133fb1410be2e0fce0a86a1e54bb1f05,2019/6/2 23:59,2019/6/2 23:59,24,2019/6/2 23:59,2019/6/2 23:59
6e6c9c69d37e421d77a4834728733526,058faf7a4d8650791af8fa7d3f18450d,2019/6/2 23:59,2019/6/2 23:59,24,2019/6/2 23:59,NULL
3f3bc4b2f45a25cae381dde7958a092c,00a417c6f52083c404813669d6e78d99,2019/6/3 23:59,2019/6/3 23:59,48,2019/6/3 23:59,2019/6/3 23:59
f9612843e109d767a3d45cb9108f2493,1429eebaf45b32abcdb5a4e97ab8eb45,2019/6/2 23:59,2019/6/2 23:59,24,2019/6/2 23:59,NULL
16f2d1920e265135a67239c3f1e5c9a8,00e2f1bf8c7d2614be0e5bef5ac7d9ea,2019/6/2 23:59,2019/6/2 23:59,24,2019/6/2 23:59,2019/6/2 23:59
65cfc81521b35da4aaf70089008f6534,105daa5ae2d57775c02c1a44fe2b00c9,2019/6/2 23:59,2019/6/2 23:59,24,2019/6/2 23:59,2019/6/1 23:59
28525f507010e528d6c9c590e3dbab9e,18a219f542e19e698b5d009b2bf847e8,2019/6/3 23:59,2019/6/3 23:59,48,2019/6/3 23:59,NULL
a26d3dbead6d402f2ee605e63c6f8fbe,083955741e93be0cddf2faf19c3525f5,2019/6/2 23:59,2019/6/2 23:59,24,2019/6/2 23:59,2019/6/1 23:59
d647b17f881c9341b48acda0f9ef624e,06e43216f2a12b1aaad634dced9871b7,2019/6/2 23:59,2019/6/2 23:59,24,2019/6/2 23:59,NULL
7199cf8cb1da26d43bdb0e27e61439b1,05ffe9ff2623cb823e28fe5490d4f357,2019/6/2 23:59,2019/6/2 23:59,24,2019/6/2 23:59,NULL
6bcf87d0a1b5735a1e80006c893734b6,0524de107bb01381e952f2b3341195d8,2019/6/2 23:59,2019/6/2 23:59,24,2019/6/2 23:59,NULL
79f831de910fd77b6aff0615357f2040,143fdb7d9f9adf677637dfef8095a02d,2019/6/3 23:59,2019/6/3 23:59,48,2019/6/3 23:59,2019/6/4 23:59
c07e63febcad0e5f8d953aa888b4769a,08670c487634df09fadfed8fb1d62918,2019/6/5 23:59,2019/6/5 23:59,96,2019/6/5 23:59,2019/6/3 23:59
56ba930f127b2931297508f6018b4bda,053c8615ffdcce3962682594d16eeeea,2019/6/2 23:59,2019/6/2 23:59,24,2019/6/2 23:59,NULL
9a0d5ca066af96043956db14858836be,181f9851dffb0a69ac709ba26393513d,2019/6/2 23:59,2019/6/2 23:59,24,2019/6/2 23:59,NULL
9b89602f3a96051c181eee1009eb45d9,0ff4cfc27659a6c3842b11de1bcad04d,2019/6/4 23:59,2019/6/4 23:59,72,2019/6/4 23:59,2019/6/3 23:59
e85ce2cadcc521c81a2f03c02e071222,0151435c7550d2838ce421d6ab134280,2019/6/2 23:59,2019/6/2 23:59,24,2019/6/2 23:59,NULL
d4d70639138bd3e9adf5b79e27bdba26,025e95abe1cfc9db4cee7e8a293208ae,2019/6/2 23:59,2019/6/2 23:59,24,2019/6/2 23:59,2019/6/3 23:59
16928686c1c2232ef006de1137f5528e,005648d52a8b8892d7effa10148dee61,2019/5/31 23:59,2019/5/31 23:59,72,2019/6/4 23:59,2019/6/3 23:59
32af4edd01a31969624b48a37b464afc,068fe12263879bad70431ca9cbf17446,2019/6/4 23:59,2019/6/4 23:59,72,2019/6/4 23:59,NULL
0148239cc19d62ea32932a8219b7e92a,195c8810307b28c4c1d744bbac518255,2019/6/3 23:59,2019/6/3 23:59,48,2019/6/3 23:59,2019/6/2 23:59
44a6861db6e0b9786f286a411c0b4544,1777796849f837a179ef6ce853150aa4,2019/6/7 23:59,2019/6/7 23:59,144,2019/6/7 23:59,2019/6/5 23:59
d74b4d4935740c2d675a5f990f1c951b,130c03182cf0ae11d64cd8c61c2a550f,2019/6/3 23:59,2019/6/3 23:59,48,2019/6/3 23:59,2019/6/2 23:59
73a7c5c0c1353d5f71fbe3393225dd98,184aa60ee05a0ca32f0cf8e2219a37a1,2019/6/4 23:59,2019/6/4 23:59,72,2019/6/4 23:59,2019/6/2 23:59
655a862262d52e79f7a20165e4ac862f,19e24b0bfe1a38c9c9785efb0a452d4d,2019/6/2 23:59,2019/6/2 23:59,24,2019/6/2 23:59,2019/6/6 23:59
bc9e00bbfa50ef09f1f6af40ee0a60a7,1496e2b7a9d1359cefe097972033b2be,2019/6/3 23:59,2019/6/3 23:59,48,2019/6/3 23:59,NULL
a0ea45819951fe1948609ee23b424bc1,17bd065e7810124a7fdf547c19215f8f,2019/6/2 23:59,2019/6/2 23:59,24,2019/6/2 23:59,2019/6/1 23:59
422a1d3a109b3efee33e0a957ddf9d42,04c3e9d74e5f811a2fa44e6be9433c24,2019/6/3 23:59,2019/6/3 23:59,48,2019/6/3 23:59,2019/6/4 23:59
71a38f110bb38d2bea766aab8b687bf0,0884378a065bb0ba49c1e6d45e6bf8d2,2019/6/3 23:59,2019/6/3 23:59,48,2019/6/3 23:59,2019/6/2 23:59
cf48dd5662ffd1af91b191267daf770b,13d405bf11322d457becb88c3ff53057,2019/6/3 23:59,2019/6/3 23:59,48,2019/6/3 23:59,NULL
c3244017f582ce1929d6d9cf3dbae600,0fc52000191f50d6b03576527b9a675f,2019/6/2 23:59,2019/6/2 23:59,24,2019/6/2 23:59,2019/6/1 23:59
662acc52fbe3663ce9eb834bbc723ac7,13cef0a8ddcec956a251cf901a0dd053,2019/6/6 23:59,2019/6/6 23:59,120,2019/6/6 23:59,2019/6/6 23:59
8ca78a68bcb22766535f7651884227b0,1330124be61c5a6df27f00356783f527,2019/6/4 23:59,2019/6/4 23:59,72,2019/6/4 23:59,2019/6/3 23:59
b511c8b2f7c84e4827065a2ff2e6f284,0270c923b0a95a04e98a775b4061e573,2019/6/2 23:59,2019/6/2 23:59,24,2019/6/2 23:59,2019/6/1 23:59
ccf028fc34ffa3d4e0c2118afcaf2d52,19389021a079df4d7a80ca72d2c2ea6b,2019/6/4 23:59,2019/6/4 23:59,72,2019/6/4 23:59,NULL
98c58a7493d7b6745c3839c6eac29036,1715240cb574312ea73d1f0f91c8b6eb,2019/6/3 23:59,2019/6/3 23:59,48,2019/6/3 23:59,NULL
2b0c116f319e2097c2f2d85211599718,0257fe0046c32f0ec1cdae7ee93d1762,2019/6/2 23:59,2019/6/2 23:59,24,2019/6/2 23:59,NULL
9c34f75c9e3d55d166057257b22f6a41,083daa5216afa9313415d54fe72b0d9a,2019/6/3 23:59,2019/6/3 23:59,48,2019/6/3 23:59,2019/6/1 23:59
c29bd4d309f20f0a818e2d866929376c,120fb7808c34b5f92714fc59b954e60f,2019/6/5 23:59,2019/6/5 23:59,96,2019/6/5 23:59,NULL
024fa2b49cdba4742990a7bb382c3634,0a1b5bf0e87616e35f954dd29f7b72fb,2019/6/2 23:59,2019/6/2 23:59,24,2019/6/2 23:59,2019/6/2 23:59
1791701721d5f0e4e3a27aae13b4eaed,005fe2d6b557a7bdfeab94a0896ebeb2,2019/6/2 23:59,2019/6/2 23:59,24,2019/6/2 23:59,2019/6/2 23:59
aca417f34a75f40f6e3cb3e7a3555e3a,05707cfa2cda078a53c6d82bdd4204ac,2019/6/2 23:59,2019/6/2 23:59,24,2019/6/2 23:59,2019/6/2 23:59
37d36becf6eaddb5a0bc21a56b9359bf,0efcba49e08ccc761cbad3327251e44b,2019/6/5 23:59,2019/6/5 23:59,96,2019/6/5 23:59,NULL
4d0772f3b385d5703dde332c5b90f871,10bb47720db3de96a46f217d895f7519,2019/6/2 23:59,2019/6/2 23:59,24,2019/6/2 23:59,NULL
0b110ddcf19b21c42f6b98f74098e997,1b0e8cb862ae36ab914fc77f2590040b,2019/6/4 23:59,2019/6/4 23:59,72,2019/6/4 23:59,2019/6/5 23:59
8907e720f13f2d0f009daffe085bffa5,01d9681234e7a7333a230d403771d939,2019/6/7 23:59,2019/6/7 23:59,144,2019/6/7 23:59,NULL
6eb37dc3bd9c6ac3bea34d28573b7ed8,1ad6d186d86ff3348314b4eb416da9f8,2019/6/2 23:59,2019/6/2 23:59,24,2019/6/2 23:59,2019/6/2 23:59
47bea74da420963914bebdb8d92485dc,01100c478b1e9ec8017d406bb41993b0,2019/6/2 23:59,2019/6/2 23:59,24,2019/6/2 23:59,2019/6/1 23:59
8d884f7d20e3088012ea5dc00dd5226c,0b7ceedd22c1b4dabc3039c4400ef30d,2019/6/2 23:59,2019/6/2 23:59,24,2019/6/2 23:59,2019/6/1 23:59
7a76fb877742d91ff96c43925520ccf7,13b6b39de4b3177d1a4dc23c42ace3c0,2019/6/2 23:59,2019/6/2 23:59,24,2019/6/2 23:59,2019/6/1 23:59
ab27a7ee6fb1784adb7981e7b8c6e136,066354f15794dd8b9d35809159b4431c,2019/6/2 23:59,2019/6/2 23:59,24,2019/6/2 23:59,NULL
dc46f96fc1296dbaf2cf9bf0f6b58096,159a2a1ba2dd24fb64fc6048e8377b89,2019/6/2 23:59,2019/6/2 23:59,24,2019/6/2 23:59,2019/6/3 23:59
d72f446ed3f8e36bec84ca7ad121cf57,0d5209b1d959ba4c54cbbbe88df3bb71,2019/6/2 23:59,2019/6/2 23:59,24,2019/6/2 23:59,NULL
a2e30f29d69f6e58d46f330577901fb0,0812f9ff42a7dd314fc7881e2e79f9cf,2019/6/2 23:59,2019/6/2 23:59,24,2019/6/2 23:59,2019/6/2 23:59
de099afe0fe609ddee2650d28449eed8,179896c666a8259b21705e0d03bd2480,2019/6/3 23:59,2019/6/3 23:59,48,2019/6/3 23:59,2019/6/3 23:59
1e4c195c614e79fef79bdc690bef54c8,18090cbc70383e07ccf8d11b83b6d736,2019/6/3 23:59,2019/6/3 23:59,48,2019/6/3 23:59,2019/6/3 23:59
14165d7259505ba9c6ff54f24338358e,027d7b4fc0da49d9c2be745ad6b93da6,2019/6/2 23:59,2019/6/2 23:59,24,2019/6/2 23:59,NULL
d240d13a7e87bff121fff5d0928a1d72,0aa65940bc94a78fd855fc766a1d5c93,2019/6/2 23:59,2019/6/2 23:59,24,2019/6/2 23:59,NULL
7c9614bfa3eb01cae15cc8db179c0e66,0b8c8f3e2fe3980a670511939a568730,2019/6/2 23:59,2019/6/2 23:59,24,2019/6/2 23:59,NULL
17eca3af7e94a4a22eec6e08e4ee93b1,07bdf445cfae06604841fec978f8eeef,2019/6/2 23:59,2019/6/2 23:59,24,2019/6/2 23:59,NULL
e4dde3fc6c647d78afaebdb8290eb67d,13a4c506155ab45e10149d49e3a651e9,2019/6/11 23:59,2019/6/11 23:59,240,2019/6/11 23:59,2019/6/8 23:59
14928b2d4fce7cf42cf06a1ccfe4f2b5,0276d8f71cb7057b7726fc53e5ae171a,2019/6/2 23:59,2019/6/2 23:59,24,2019/6/2 23:59,2019/6/1 23:59
f78f09af2f5045b393a855dd0bc64a1f,00b8e9fc7dc0abb70cf5d94bf3cc3eb0,2019/6/4 23:59,2019/6/4 23:59,72,2019/6/4 23:59,2019/6/2 23:59
c9500938882d6883c2be5d9c3a2b874b,0df2b7f087a47d943b929857bc5c7fc6,2019/6/3 23:59,2019/6/3 23:59,48,2019/6/3 23:59,2019/6/4 23:59
b48faaef3c3cd5d71ce020563ad4ec44,1719e3c98266d8095aad9978c70165a3,2019/6/2 23:59,2019/6/2 23:59,24,2019/6/2 23:59,2019/6/3 23:59
067a3448abea4ff40b9336330f393ed7,0ac29dfbe330fcaa0106f88db8c1d6d1,2019/6/4 23:59,2019/6/4 23:59,72,2019/6/4 23:59,2019/6/2 23:59
8dda3f26caa800ef5fb567b2e280434a,024f3bb1f5ba84785774e644e3e835fe,2019/6/4 23:59,2019/6/4 23:59,72,2019/6/4 23:59,2019/6/5 23:59
91c84d97ccdadfc55d956a5e41908c0a,15bada438ca81588772f6dc72c51b8c7,2019/6/3 23:59,2019/6/3 23:59,48,2019/6/3 23:59,NULL
681ca746434c569e89d4b26dd540afe4,1364b2e4515136139eb32f4d18b5e3df,2019/6/4 23:59,2019/6/4 23:59,72,2019/6/4 23:59,NULL
f42d4473b1deeca0e07dc4099ac7a480,081b7ac9cde7e8246b5c52892ce87561,2019/6/3 23:59,2019/6/3 23:59,48,2019/6/3 23:59,NULL
c062743aac78de8f0144210d13ff8f39,0262d4b726268b4ae11d26f60324c331,2019/6/3 23:59,2019/6/3 23:59,48,2019/6/3 23:59,2019/6/2 23:59
d7943c607370bcfb524f24943488812a,0dc3402d65b35f6928f5b7b00413eb38,2019/6/3 23:59,2019/6/3 23:59,48,2019/6/3 23:59,2019/6/3 23:59
c1e0452999656c7e1eabb7c95ff4d81f,00215f791e3e9e8094e1044e118aa230,2019/6/2 23:59,2019/6/2 23:59,24,2019/6/2 23:59,2019/6/1 23:59
1d26fba5b199d902a1d16d60eaff25cd,1a9902df386a1beb347942d5a177dbf3,2019/6/4 23:59,2019/6/4 23:59,72,2019/6/4 23:59,2019/6/3 23:59
45c6d43556c4b36593155091203ebb35,1a87e5e83d11461a90f4c8191986d46d,2019/6/2 23:59,2019/6/2 23:59,24,2019/6/2 23:59,2019/6/2 23:59
10a18240aac73694d4ae71ed6279d317,11bb76689a5917e78f890cf498fab488,2019/6/3 23:59,2019/6/3 23:59,48,2019/6/3 23:59,NULL
040c335e852b9a25f9a306e08c99ca3e,1980283724e67067644ac6b8278c02b0,2019/6/2 23:59,2019/6/2 23:59,24,2019/6/2 23:59,2019/6/1 23:59
253b0f958c768d804ac00d6bf14a2974,042fdf339a06c41f04a9d82aa732bb33,2019/6/4 23:59,2019/6/4 23:59,72,2019/6/4 23:59,NULL
033574064786b8a233dda51c12bac731,0501cb3264015f3c958b135c5c2e93a0,2019/6/3 23:59,2019/6/3 23:59,48,2019/6/3 23:59,2019/6/2 23:59
ff41e49d9750838f650034984b5dab29,0b4aa38065de4401c6157d6b0f78805e,2019/6/4 23:59,2019/6/4 23:59,72,2019/6/4 23:59,2019/6/2 23:59
a049a76ff99c56001d0daad4cd10dcd1,0efa45ff0f252a691303a9a60ada8d99,2019/6/2 23:59,2019/6/2 23:59,24,2019/6/2 23:59,NULL
24ca21829d7ecf10b9e0f6bb7518c750,0cd2dd4c2162d24a7337e3219c854b64,2019/6/2 23:59,2019/6/2 23:59,24,2019/6/2 23:59,2019/6/1 23:59
31ad837df065e12157f54849fd4b29cb,0bf089bcf5b821eca1326a172faa5d36,2019/6/4 23:59,2019/6/4 23:59,72,2019/6/4 23:59,NULL
2822627f1b084d89a0d2a5961ab5d412,00bce802aa0956d5ad221044dd78301f,2019/6/3 23:59,2019/6/3 23:59,48,2019/6/3 23:59,NULL
c2e905d670753c6f297eada2e9256f97,148ca59435c4f4f1f89cc1cd349d8d31,2019/6/4 23:59,2019/6/4 23:59,72,2019/6/4 23:59,2019/6/4 23:59
14f97e80b5237fa42c9bdd638eac0086,065c8a6d147bd3dcc98e69dfc193180e,2019/6/3 23:59,2019/6/3 23:59,48,2019/6/3 23:59,NULL
0654a05afc540cbdd1f61349c0274247,0cf1d39ffbcedeac63d3a5e7a1233aa5,2019/6/2 23:59,2019/6/2 23:59,24,2019/6/2 23:59,NULL
e8d837fe3d0f80a50a719bd6e2967b0f,039a3008d142e7152fab8494a5144741,2019/6/5 23:59,2019/6/5 23:59,96,2019/6/5 23:59,2019/6/5 23:59
c6364915c5f095a0451c09b5d3e92ccf,00aba3a42ed217661a3aa33e1a29dc96,2019/6/6 23:59,2019/6/6 23:59,120,2019/6/6 23:59,2019/6/5 23:59
de51f134ef487e3985df69a2a96dcab0,11bc51a79ec1e1a00fe5d7ab4bac2263,2019/6/3 23:59,2019/6/3 23:59,48,2019/6/3 23:59,2019/6/3 23:59
3e0ab68f80c6e0e90ef350fed4fec91d,0de7709e90e73231b96827b1f17d6cb7,2019/6/5 23:59,2019/6/5 23:59,96,2019/6/5 23:59,2019/6/3 23:59
a5f5bd8343083eaf8acddddedb03313f,04458fc83a3ccf1d31d1a054a9e42dd8,2019/6/2 23:59,2019/6/2 23:59,24,2019/6/2 23:59,NULL
43a1224e0ba1c87e90a206be84098d26,0b6e8bcb74c3fb47cd638eb164b74dd6,2019/6/5 23:59,2019/6/5 23:59,96,2019/6/5 23:59,NULL
433f6e0817c1405eb553ebcab0ce08fa,0f79904c324ea2d307f2115c0f723d7e,2019/6/3 23:59,2019/6/3 23:59,48,2019/6/3 23:59,2019/6/2 23:59
bcfe1d2ae91d10639f50988d424c4e90,1a3f13c6489a07317f4955c48d3942ee,2019/6/3 23:59,2019/6/3 23:59,48,2019/6/3 23:59,2019/6/6 23:59
b43ef73a15bd8d19beaa5f932ee36093,01383c8be9d2a9156418c94744ece7a1,2019/6/3 23:59,2019/6/3 23:59,48,2019/6/3 23:59,NULL
b2280ade94f743d9b205b6c9029dc6a8,1ac44e10badf565dea9df04b64f2f165,2019/6/2 23:59,2019/6/2 23:59,24,2019/6/2 23:59,NULL
20cabc835b6da4d96b90fc07180c3512,10c021bff6b4bce24ad7386365612754,2019/6/2 23:59,2019/6/2 23:59,24,2019/6/2 23:59,NULL
58e101a7b0113ddad766eff91cd4c258,056fdf0613660b31f01ca234dfc7655a,2019/6/3 23:59,2019/6/3 23:59,48,2019/6/3 23:59,2019/6/3 23:59
50a8c012798659290e365cff78d44c50,1af3ae25958e47068918e39429ada28f,2019/6/3 23:59,2019/6/3 23:59,48,2019/6/3 23:59,2019/6/3 23:59
b56127d7c41494c62126f37e030df34e,0769c335fbf4e7c55ea6992fccfa4361,2019/6/4 23:59,2019/6/4 23:59,72,2019/6/4 23:59,2019/6/5 23:59
00c6a7156dc30b92a74612e8d96d9a0a,011dd03fbca505e42cc6e1b1952066f4,2019/6/2 23:59,2019/6/2 23:59,24,2019/6/2 23:59,NULL
66c1be019292bd642adefbd104d76f05,143e34b9508792c0dcdf629a5df991a2,2019/6/2 23:59,2019/6/2 23:59,24,2019/6/2 23:59,2019/6/1 23:59
7d8021e9680d23c1511657bb0e0ff809,06a0740d13c73d911ab9616997beb7eb,2019/6/2 23:59,2019/6/2 23:59,24,2019/6/2 23:59,2019/6/2 23:59
2f40c0c16c8e1fee601e0785edcb85c7,13bcdf3853386538f70c1e59a8b7c6a9,2019/6/3 23:59,2019/6/3 23:59,48,2019/6/3 23:59,2019/6/2 23:59
c0a2960dc98c37df451cd8d219d97925,0316bd9faaea63be9c6cd4cb4d785196,2019/6/4 23:59,2019/6/4 23:59,72,2019/6/4 23:59,NULL
d5b9ac64e75112721e1c265e9a698405,06186fb2ff029bfaf074e96c75296ddb,2019/6/3 23:59,2019/6/3 23:59,48,2019/6/3 23:59,2019/6/2 23:59
4ed391c5626140d36f66507cf886e71a,069dbc31458d042e2ef4d1b102d5ed96,2019/6/2 23:59,2019/6/2 23:59,24,2019/6/2 23:59,NULL
079856af39b181c715b35d78539c46f6,019a73d081c57671f76907a9f7e42fba,2019/6/7 23:59,2019/6/7 23:59,144,2019/6/7 23:59,NULL
98f222af8cbcdffa5fc5402d48f8a766,02d8bcde18be354f5ae04a4b4f4fe9d7,2019/6/2 23:59,2019/6/2 23:59,24,2019/6/2 23:59,NULL
04becd47ad1f2728bbdcc8e035d6126f,095195f1ec8d67fecdc1eeb6bbe4457f,2019/6/2 23:59,2019/6/2 23:59,12,2019/6/1 23:59,2019/6/2 23:59
d622ebcd21ca878acfd57f8d02361bfe,06f795e0db202ea10cb512baec54e259,2019/6/4 23:59,2019/6/4 23:59,72,2019/6/4 23:59,NULL
ead5f08ff044dc4faf8661cf772eb6c8,09d62fbfed94079208d7c83a8008b256,2019/6/2 23:59,2019/6/2 23:59,24,2019/6/2 23:59,NULL
f22260be78e002a66b149f49e270f752,06cb0f584756662894298f81ba508b77,2019/6/2 23:59,2019/6/2 23:59,24,2019/6/2 23:59,2019/6/1 23:59
e01a153836d077a221ff896a8669190f,0584f54cb5ac88be99b1b012ceb5ce85,2019/6/3 23:59,2019/6/3 23:59,48,2019/6/3 23:59,2019/6/2 23:59
f08f6670eaded48c8273a1260bbf0385,0987704cc5beb6a225ed593b6c84023e,2019/6/4 23:59,2019/6/4 23:59,72,2019/6/4 23:59,2019/6/4 23:59
a363401eafe786e57ff0b53850177ca5,193f2c024686e465857aaefab701c689,2019/6/2 23:59,2019/6/2 23:59,24,2019/6/2 23:59,NULL
70b2e276477109b2b9272dfb2ad17eff,170838fe76545cfa1616a32e61e173ca,2019/6/2 23:59,2019/6/2 23:59,24,2019/6/2 23:59,NULL
b0a2675916f9ef175a3c3160082e03cf,084d68ee995d858817ca34ee3549979d,2019/6/3 23:59,2019/6/3 23:59,48,2019/6/3 23:59,2019/6/2 23:59
39c408ae98d244afaba6ccbd0417b4fd,1918b965df1ac28828a6ac0391431863,2019/6/2 23:59,2019/6/2 23:59,24,2019/6/2 23:59,2019/6/2 23:59
7aab83ae54f4b315ba27bc9296292be0,13d865b15dcd6ac568d391633bec8f27,2019/6/3 23:59,2019/6/3 23:59,48,2019/6/3 23:59,NULL
f22e245f7df8399c3653e01bead2e9c8,0eb4bd6fc72a97fd945b61fd485ec2b1,2019/6/2 23:59,2019/6/2 23:59,24,2019/6/2 23:59,2019/6/1 23:59
627298d12435f1bef93b436afec8f23d,134c2178c345819d5ef34039c6bd80a4,2019/6/2 23:59,2019/6/2 23:59,24,2019/6/2 23:59,NULL
f122822a2ad7a98be6ce2933c2fa04f3,1160e85969cb7f7d8dbed30522d96fce,2019/6/3 23:59,2019/6/3 23:59,48,2019/6/3 23:59,2019/6/4 23:59
6450d304df50553c986c8c413be6f480,15c5d94271df599fbe9f3357d5a3b52c,2019/6/3 23:59,2019/6/3 23:59,48,2019/6/3 23:59,2019/6/2 23:59
a83c6f5811d45dbe966b7141740338ca,121d8042752d8a1cf2c784bbb9a3cc59,2019/6/2 23:59,2019/6/2 23:59,24,2019/6/2 23:59,NULL
22e7b398f78d2211ef1491862a6c0e5a,0dc56aa79be3cc6da937c05f743eea24,2019/6/3 23:59,2019/6/3 23:59,48,2019/6/3 23:59,2019/6/2 23:59
a2060688340389857e3e5da937eacadc,10e60886af561280e1870e471436f6dc,2019/6/2 23:59,2019/6/2 23:59,24,2019/6/2 23:59,2019/6/3 23:59
530d84d4db4ef8ed07ee8758f46c7835,17c56ab7b00bf6a2ee78d80118485352,2019/6/3 23:59,2019/6/3 23:59,48,2019/6/3 23:59,2019/6/3 23:59
e31b96d3467b4d2456058c831bbf360d,12c19a238f6e469188b566cf726715b5,2019/6/3 23:59,2019/6/3 23:59,48,2019/6/3 23:59,2019/6/2 23:59
d572560a6c2bfd468c704e5528a7ef4b,06b7503ee4c42847bf78755482ef00ed,2019/6/4 23:59,2019/6/4 23:59,72,2019/6/4 23:59,2019/6/3 23:59
f34bad166a71e8f7d5ec3795fc1e9f48,09b809b737f5c9162c6d51b473499771,2019/6/3 23:59,2019/6/3 23:59,48,2019/6/3 23:59,NULL
835f7c77ea9d0ca08c6882a31c23cbd3,03ec2f02c3c5232cd37ef2c6ad211a60,2019/6/2 23:59,2019/6/2 23:59,24,2019/6/2 23:59,2019/6/4 23:59
0421e7129390574c6ed328980aed6df0,03a29a30f0a364276abf8e97f2de4556,2019/6/8 23:59,2019/6/8 23:59,168,2019/6/8 23:59,2019/6/7 23:59
d25bc5c1a8f8ba2d7b294cca5cad7175,17a7f0aece14cdb3be4de3e71c10309e,2019/6/5 23:59,2019/6/5 23:59,96,2019/6/5 23:59,2019/6/3 23:59
63e84f714fa38aa72fda2f7fd4b1da79,07220a4df28adc9252ad105c990b0ea2,2019/6/2 23:59,2019/6/2 23:59,24,2019/6/2 23:59,NULL
7f8ac65e1426e17eba81d21622e77108,1afb7330992daf85120e079b21c1a6c9,2019/6/2 23:59,2019/6/2 23:59,24,2019/6/2 23:59,2019/6/1 23:59
633bb10854025cad8a67fb893ceafa94,0a8b3ec22c25e39eca4f40f9a13a2a2d,2019/6/3 23:59,2019/6/3 23:59,48,2019/6/3 23:59,2019/6/2 23:59
8d598e03adef8e4f3d62e98e94ca1a76,15f34b0171204a4a6e989b318a701f62,2019/6/2 23:59,2019/6/2 23:59,24,2019/6/2 23:59,NULL
adedea1539144e247119357bb6fd7abe,18542abd6def5ae2c3bd9cb1a7012596,2019/6/4 23:59,2019/6/4 23:59,72,2019/6/4 23:59,2019/6/4 23:59
3b2b893849a91045b8c8d620259fde28,06165656227348e382cad81ff11d0231,2019/6/2 23:59,2019/6/2 23:59,24,2019/6/2 23:59,NULL
a22d6a10c1a9aa6a53b1acc1ceb83349,15cab3a6b1078f8b31e9e7c305356866,2019/6/4 23:59,2019/6/4 23:59,72,2019/6/4 23:59,2019/6/3 23:59
7b6dd2f5b3756682f65fc29bd9d9f1af,088edcefee7728d6578fe8ca89f9d3c9,2019/6/3 23:59,2019/6/3 23:59,48,2019/6/3 23:59,2019/6/4 23:59
47da368a843f170103fb30e644469bf1,0e4c0373f2d14a18628cc925caff4b2f,2019/6/3 23:59,2019/6/3 23:59,48,2019/6/3 23:59,2019/6/3 23:59
26b3470b781b8a0e6fb1c956a9e8fb34,064da8dde9ecced3f2a9d9da4b5124d2,2019/6/2 23:59,2019/6/2 23:59,24,2019/6/2 23:59,2019/6/2 23:59
bd9ab46e64cde0777b3420fe8b7a8d39,17640183a0cf96c9b15ca3d523403d46,2019/6/4 23:59,2019/6/4 23:59,72,2019/6/4 23:59,2019/6/2 23:59
3130aaf108be2471b54caf9039cfd888,1a5149ad038e483cfc3b6adfa4d2e8cc,2019/6/2 23:59,2019/6/2 23:59,12,2019/6/1 23:59,NULL
18c28127bca6f45aba1114c807a535ac,139b088d5c60c8633ea7379143cc3c66,2019/6/3 23:59,2019/6/3 23:59,48,2019/6/3 23:59,2019/6/2 23:59
54d0412a425a7c8f5a9370a35b32ec2f,1349aa288f34339cb3f50e40741f8b46,2019/6/5 23:59,2019/6/5 23:59,96,2019/6/5 23:59,2019/6/5 23:59
cfda67872927eb0ef2198a55ccb9b80c,0d014a96e9c926d4c8d79fe3f750a04b,2019/6/3 23:59,2019/6/3 23:59,48,2019/6/3 23:59,2019/6/3 23:59
d96ed70e998d1a5c0c7bc6113888cd6d,197bfb6ad55158c2a7db0654580d5cdf,2019/6/3 23:59,2019/6/3 23:59,48,2019/6/3 23:59,2019/6/3 23:59
20077628caa4f9908694ea927d56bcc9,1a8a22280be97692ee4e2c455d6c2fa6,2019/6/2 23:59,2019/6/2 23:59,24,2019/6/2 23:59,2019/6/2 23:59
f392f1c1c51fa891c208b5d0166ad8a8,0db48657bf756e2e2da07d62a84c8647,2019/6/2 23:59,2019/6/2 23:59,24,2019/6/2 23:59,NULL
d15457f8ef115a3e491d7989ff09cd90,072a721e708447af04e0def9252e692d,2019/6/2 23:59,2019/6/2 23:59,24,2019/6/2 23:59,NULL
4608c73314cddab30d82bf2d33b5ba29,077f2a1f60c8e4e439ebadddb9fb4a5f,2019/6/3 23:59,2019/6/3 23:59,48,2019/6/3 23:59,2019/6/1 23:59
67b468d5879243c273c442b55d9486b4,0b1cf26f9b2f7932ac7926dfc4fc4502,2019/6/3 23:59,2019/6/3 23:59,48,2019/6/3 23:59,2019/6/1 23:59
ce5e78239ae449c8a81c990c4ac2e4a9,155d72c4d4830cf012805b2c8322c5cc,2019/6/3 23:59,2019/6/3 23:59,48,2019/6/3 23:59,NULL
b45edf20354da4217f741bcbfae13642,042c3a4f440328a795246ecf036773d8,2019/6/2 23:59,2019/6/2 23:59,24,2019/6/2 23:59,2019/6/2 23:59
d5d13d375f1ee5bb1338f9597e9589fe,1485402dd9072c605a8f1dd2e93df753,2019/6/2 23:59,2019/6/2 23:59,24,2019/6/2 23:59,NULL
e0d0e87055fb5a1cda64d51081237049,037c02aba178488f10b6137a5557cfc4,2019/6/3 23:59,2019/6/3 23:59,48,2019/6/3 23:59,2019/6/2 23:59
92cc70a8696cb53c77f80d0b87b1c239,0df90270b6eec09bef9ae88ac591645b,2019/6/3 23:59,2019/6/3 23:59,48,2019/6/3 23:59,NULL
8835643af37096f97292f03c36c306c8,14a6890ff4c94dbce41e6f27c6a430d2,2019/6/2 23:59,2019/6/2 23:59,24,2019/6/2 23:59,NULL
5f080628943e8772a69a3f06a9631044,0123fa10ca67e47d780821bc1326ba7d,2019/6/2 23:59,2019/6/2 23:59,24,2019/6/2 23:59,2019/6/2 23:59
e2c0921ca9589c6f317ee191c2273813,07921a23986c38d6b78974756d0b94d7,2019/6/3 23:59,2019/6/3 23:59,48,2019/6/3 23:59,2019/6/3 23:59
4ad03db36b868cad18b5ef10fb46815d,09a905912b4580a30ec2720d9de86baa,2019/6/2 23:59,2019/6/2 23:59,24,2019/6/2 23:59,2019/6/1 23:59
fcb60f67e47f37679e9497f2efed6745,00953a05f932252fafcc6de4f03814b8,2019/6/2 23:59,2019/6/2 23:59,24,2019/6/2 23:59,2019/6/17 23:59
372dd23b309ea3b938aad07c5e3bd704,1639f570697d8be78aed58fbf84581e4,2019/6/2 23:59,2019/6/2 23:59,24,2019/6/2 23:59,2019/6/1 23:59
d60e447e75d459aabe1d18bd78450f0f,00d77cf62c013d3713edc1b1165043f8,2019/6/2 23:59,2019/6/2 23:59,12,2019/6/1 23:59,NULL
d13717428f2ba47e354ae7a779e3434b,15ff18a1ec15305c6837ef4ecf5d8720,2019/6/2 23:59,2019/6/2 23:59,12,2019/6/1 23:59,2019/6/1 23:59
dd7b271d0c1466e03e1dfe049e78d34b,03314e5530a418b3568e9d4688c7bf21,2019/6/3 23:59,2019/6/3 23:59,48,2019/6/3 23:59,2019/6/14 23:59
366ca2947a4843d98936e3b39434dec4,0fa5c4e35ca04cd87fc7bdd8085ce2c9,2019/6/4 23:59,2019/6/4 23:59,72,2019/6/4 23:59,2019/6/2 23:59
f2df9f5d7e0a0da495cd49d50ab2e9c1,178ea945aa21e1fb3c89104a27b90277,2019/6/2 23:59,2019/6/2 23:59,24,2019/6/2 23:59,2019/6/3 23:59
f86827c82bfab333d5fb7ca3afdf4dcc,086cdfd1e8723458afa4d4e073e8b61d,2019/6/2 23:59,2019/6/2 23:59,24,2019/6/2 23:59,2019/6/2 23:59
ac5eee0bb585b7b13ddce73ae9ff57ec,0de0f511c79d9c4bbbf2903ac295d9d9,2019/6/2 23:59,2019/6/2 23:59,24,2019/6/2 23:59,NULL
12f151e1c4b5f8c46a9a2a028814053c,0f7880dee1092c51a2cf405d92e91a66,2019/6/3 23:59,2019/6/3 23:59,48,2019/6/3 23:59,NULL
3be5601d35ff4c5b5557f15a47559d48,064a0c4a68f9d46b9956cdbd2653806d,2019/6/3 23:59,2019/6/3 23:59,48,2019/6/3 23:59,NULL
fca80587e096ba231d8fdb6671c15eaf,0dfe9f932bc02ecd89493862aa418793,2019/6/2 23:59,2019/6/2 23:59,24,2019/6/2 23:59,NULL
4345ac6c181e4fa6f73abd7df34738d5,046a4e2bdcdd358016efadca5168b592,2019/6/3 23:59,2019/6/3 23:59,48,2019/6/3 23:59,NULL
9aadc29ff8b7cdeecf62576f3224f61d,0415551a8c0c5adafcd28bae831d9fee,2019/6/4 23:59,2019/6/4 23:59,72,2019/6/4 23:59,2019/6/3 23:59
56d4e93898910f0a079a1eac230d0876,186dde7c43c50771d2ac58aac7396c97,2019/6/2 23:59,2019/6/2 23:59,24,2019/6/2 23:59,NULL
e44b6365a1fe9cb0009a0c3fdbc1453d,0df10cd0ca82dff24232a686db00ab27,2019/6/4 23:59,2019/6/4 23:59,72,2019/6/4 23:59,2019/6/9 23:59
87119ff44b08f35de8d2dd9fb5c441e1,00e7742f5aaf142363dba33efc8b852f,2019/6/3 23:59,2019/6/3 23:59,48,2019/6/3 23:59,2019/6/2 23:59
c631abed242726be669b49b650e9f79a,0b017b4050eda0adbed52f8574693aaa,2019/6/2 23:59,2019/6/2 23:59,24,2019/6/2 23:59,2019/6/1 23:59
a096b187c6b697a9ba9eb798cdcd9e72,16b1a9475e61820cabd6a6df465d0435,2019/6/3 23:59,2019/6/3 23:59,48,2019/6/3 23:59,NULL
030174f6cecb7a2dcb97a70fdfdd88fe,007e286cbacf3597fbfed10cc69d839a,2019/6/2 23:59,2019/6/2 23:59,24,2019/6/2 23:59,2019/6/1 23:59
4533a811d9a15e2ea14c05073521def3,121c5744cb8427dbbaff68a5d7c50948,2019/6/4 23:59,2019/6/4 23:59,72,2019/6/4 23:59,2019/6/2 23:59
af49c58d114ab365f97c6ebb99615dea,074db7ddd31069da1f5ab53a45067d1c,2019/6/2 23:59,2019/6/2 23:59,12,2019/6/1 23:59,2019/6/1 23:59
94b6a53ac4105807e2916c2a3e7b260f,0272412fa2d92f8ce7f181f781719065,2019/6/2 23:59,2019/6/2 23:59,24,2019/6/2 23:59,NULL
349ef111dff0a824ab2b569a42722d1a,0d1ce788659673f5e84a21c0ab312d8c,2019/6/5 23:59,2019/6/5 23:59,96,2019/6/5 23:59,2019/6/3 23:59
711f0b1cff484dd95a94fa4bc90c6c7e,136d2004972f71a31a6d1a02f2c31b83,2019/6/2 23:59,2019/6/2 23:59,24,2019/6/2 23:59,2019/6/1 23:59
f05faaa4f1ec26ed65c98816d58ba498,19d10d6bb1109e2c674ddb5b4eea0f06,2019/6/2 23:59,2019/6/2 23:59,24,2019/6/2 23:59,NULL
2358103da4932a157905b52f3ea8f1cf,08f2fccc036a8874b9f0d8764a2c4ebc,2019/6/2 23:59,2019/6/2 23:59,24,2019/6/2 23:59,NULL
bf754f6bd953b1957233ac07fc18a9eb,0520e2ecefbe16f7e0e7b195407bb3c6,2019/6/2 23:59,2019/6/2 23:59,24,2019/6/2 23:59,NULL
5bd6383d57f65887bc36b2f3a8fabc91,01ccacdd48c82e26f6306f635fd77cca,2019/6/2 23:59,2019/6/2 23:59,24,2019/6/2 23:59,2019/6/2 23:59
cc22b3107ee9c3aef9ebfcaf5be8a8b3,17a4d93dff3c5b1ae55134bbbff96cb9,2019/6/4 23:59,2019/6/4 23:59,72,2019/6/4 23:59,NULL
3739e5b27b0f61d0937d975ba3e419c1,1389e0c5b708cd4464b83ed5d1a0860e,2019/6/5 23:59,2019/6/5 23:59,96,2019/6/5 23:59,2019/6/4 23:59
83a460ffa71e9bd9e8474770830963e7,01c09b259cf927832c75ab9037ba122a,2019/6/3 23:59,2019/6/3 23:59,48,2019/6/3 23:59,NULL
9fde5306bf1280c58d882faa1120b0b8,181aff21a295bdd2fa212cf7d151ca6c,2019/6/2 23:59,2019/6/2 23:59,24,2019/6/2 23:59,2019/6/2 23:59
46c0fcbcba6e994ef6e6c7cf09a98ba3,1029241d5f700821a24cbc26077fea15,2019/6/3 23:59,2019/6/3 23:59,48,2019/6/3 23:59,2019/6/4 23:59
b432eb842af0985d107e8433f9937976,0ba336c16dfb4870a46c00f530bec1ab,2019/6/4 23:59,2019/6/4 23:59,72,2019/6/4 23:59,NULL
b586f5b94ccd273972631073f479aa5d,0504a7e1a027a2257fb48f471549b1ed,2019/6/5 23:59,2019/6/5 23:59,96,2019/6/5 23:59,2019/6/4 23:59
4deb8d660864e956e19ec12c8475d2f2,011024090719cb68de94f7fe4564223a,2019/6/7 23:59,2019/6/7 23:59,144,2019/6/7 23:59,NULL
ba0adf1d1ffc8db2628b9402354b9838,07cca19841842b4487d8d3dc5e0332a9,2019/6/4 23:59,2019/6/4 23:59,72,2019/6/4 23:59,2019/6/3 23:59
ce56dfa036c5fdcf1720de466f86f11a,0ed9ab7c05c57c2a1b05d1efadc3b9c8,2019/6/2 23:59,2019/6/2 23:59,24,2019/6/2 23:59,2019/6/1 23:59
a6c62af4d98d0426c0d66c0f132ad2e1,13e0e23be26f68411ba89721cdd8f3d3,2019/6/2 23:59,2019/6/2 23:59,24,2019/6/2 23:59,NULL
33c1449b9710f44b7780e84f78059e96,1a8e20bbc3f7aa9c25ed9f4007ceef78,2019/6/2 23:59,2019/6/2 23:59,24,2019/6/2 23:59,2019/6/19 23:59
65b23b1e27e572543007b6dd43af6bec,09078d585fb8c2dedbed15899878c285,2019/6/2 23:59,2019/6/2 23:59,24,2019/6/2 23:59,NULL
d105e3a2e6f4deea663a156d93277565,15fde7b2bbdd97be5ef3b747f026febb,2019/6/2 23:59,2019/6/2 23:59,24,2019/6/2 23:59,NULL
1913ea87aeddbbea70c3e63630ea1d7b,00284caae3fc012a57a6743eb5a23ff7,2019/6/2 23:59,2019/6/2 23:59,24,2019/6/2 23:59,NULL
b33f1d21432697229b3c6c3c2aaf65db,17ee596828c783524af190a672093241,2019/6/3 23:59,2019/6/3 23:59,48,2019/6/3 23:59,2019/6/7 23:59
df2c55fda6a0318d3269e88d39340c4b,1143e2a1bdcaab1720bd46614cbe6d43,2019/6/2 23:59,2019/6/2 23:59,24,2019/6/2 23:59,NULL
5ff314d48518a58bf03b186f886c0260,13f75239e4e0a81d74ebfedccbfb0ce5,2019/6/4 23:59,2019/6/4 23:59,72,2019/6/4 23:59,2019/6/18 23:59
f199c8a6f34bd4c3f08c1e12d228bdb9,198bf6734e2700314c867f1f2275e894,2019/6/3 23:59,2019/6/3 23:59,48,2019/6/3 23:59,2019/6/3 23:59
b272a63f5cd202cba02e4046e53bd06d,086c3dd26674b7d37718f0f3a1ad3e90,2019/6/3 23:59,2019/6/3 23:59,48,2019/6/3 23:59,2019/6/2 23:59
a01bf8df4d5fa43c83c47ba778ce0240,1ae80f843277ec26e576d48b29722172,2019/6/4 23:59,2019/6/4 23:59,72,2019/6/4 23:59,NULL
4f4bad5ceeab2142c2ee50e3f8850137,0de9368956d9b325ec23ab35035e9473,2019/6/3 23:59,2019/6/3 23:59,48,2019/6/3 23:59,2019/6/3 23:59
09a75260ec1318c4c01b55973405581d,17891dd64f7d25eac6d6cbe964b871ab,2019/6/5 23:59,2019/6/5 23:59,96,2019/6/5 23:59,2019/6/3 23:59
043383961347fba9c5ecafbca92016b7,18cdb52c5b612fb069c9cdb0eff874d7,2019/6/2 23:59,2019/6/2 23:59,24,2019/6/2 23:59,2019/6/16 23:59
7ecace9a436b5497b396956c3ca82737,17e1d690d05a43344ca120783a1b0660,2019/6/2 23:59,2019/6/2 23:59,24,2019/6/2 23:59,NULL
0766bb7b1c38b3821ae6ba3130921b61,188db243b640f23110d3fb04fba0fdf6,2019/6/3 23:59,2019/6/3 23:59,48,2019/6/3 23:59,NULL
746eb13c8f71bc1f9de18bcfcb734bbb,1a11366143532cf127b549e30b9f4d2d,2019/6/2 23:59,2019/6/2 23:59,24,2019/6/2 23:59,2019/6/3 23:59
7aa0278e368549e0235fa85745e5ed45,0389eedf0b63110d8f33f71f2aa48ba4,2019/6/3 23:59,2019/6/3 23:59,48,2019/6/3 23:59,NULL
ea9210b12c4b16226f625b8f498d085d,0a930baca5f46103bf9332921263837f,2019/6/2 23:59,2019/6/2 23:59,24,2019/6/2 23:59,2019/6/1 23:59
e78e4d05be9d9a31c9f2bdd0c21443b3,12237bb713c0336c513c081db7309eaa,2019/6/3 23:59,2019/6/3 23:59,48,2019/6/3 23:59,2019/6/3 23:59
88c3f3404420fc1ff1fbbf889799dd72,128bf28ae75ce64c462f039a368b47ef,2019/6/2 23:59,2019/6/2 23:59,24,2019/6/2 23:59,2019/6/1 23:59
2f465a6089370d55ec889b53bbb73c47,082ca471d3dff0c904b549d265aebb53,2019/6/3 23:59,2019/6/3 23:59,48,2019/6/3 23:59,2019/6/3 23:59
baea1d9904097102ec7afa21f88fe0da,0ae5519b6bcf8c72c3b6f1f3e89f1b64,2019/6/2 23:59,2019/6/2 23:59,24,2019/6/2 23:59,2019/6/2 23:59
9ef2cfac73043b6bdc271f0a5048a577,09d8966d3f48abc470ddd320de8c5d5e,2019/6/4 23:59,2019/6/4 23:59,72,2019/6/4 23:59,2019/6/6 23:59
418ce5a2d5ca6513ba3eccc420f34f79,09f6cbabc5037d00d1719034d0eacdc3,2019/6/3 23:59,2019/6/3 23:59,48,2019/6/3 23:59,2019/6/3 23:59
41bc097ffa3f408f6b5a743a04fc4e25,06cd6a61074993ae8f949bf7d99d6b0f,2019/6/2 23:59,2019/6/2 23:59,24,2019/6/2 23:59,2019/6/2 23:59
f95967746b7f152f42341d2a3b3f740f,0a7b4f4495aeecf7116cada6af28a453,2019/6/3 23:59,2019/6/3 23:59,48,2019/6/3 23:59,2019/6/2 23:59
cc3ccc09f467972fafa7010c6b2bed76,14168f80ebede75946ea67374e7b653c,2019/6/2 23:59,2019/6/2 23:59,24,2019/6/2 23:59,NULL
0c7389f73b029754271b73eaae782f62,17d6d169fb62b9e6051ffde796803b14,2019/6/3 23:59,2019/6/3 23:59,48,2019/6/3 23:59,2019/6/2 23:59
bf256bd7106f9c2a1d693c7f915ca28e,128b2d058e7acb2f3f0c775642e8826f,2019/6/3 23:59,2019/6/3 23:59,48,2019/6/3 23:59,2019/6/5 23:59
57c2297d2496d2a8065e1a578dfeb7c0,0026016c494a09a50ae8a298aec66749,2019/6/3 23:59,2019/6/3 23:59,48,2019/6/3 23:59,2019/6/2 23:59
e493ed322c36037b2bd82431a96945ef,160a4917a362b0e158e0826f1584c545,2019/6/2 23:59,2019/6/2 23:59,24,2019/6/2 23:59,2019/6/1 23:59
d810c486faef128c4031f409d7ce2d22,04b51f20c5a27915094402de25e8f004,2019/6/7 23:59,2019/6/7 23:59,144,2019/6/7 23:59,2019/7/20 23:59
060ef571e678643616c93c624de0ef4b,11dab2f69ff20ec52d6f89edacf0797b,2019/6/3 23:59,2019/6/3 23:59,48,2019/6/3 23:59,2019/6/2 23:59
acf9a5788723b490d570bbba757480b3,17174f38b09a1c5aede3b683e52c3c42,2019/6/3 23:59,2019/6/3 23:59,48,2019/6/3 23:59,2019/6/2 23:59
68d3237cf2393b277bdb2af790bef7ec,03712ff4f2520fed56976ac8f60308c0,2019/6/4 23:59,2019/6/4 23:59,72,2019/6/4 23:59,NULL
33bfde5bc3aaf479beba139940d97568,10493017ea9094c5000126da2f2fd3e0,2019/6/4 23:59,2019/6/4 23:59,72,2019/6/4 23:59,NULL
014c1005435ef55d976718efee159cd6,026ef462fcb3cabc248396994073246f,2019/6/3 23:59,2019/6/3 23:59,48,2019/6/3 23:59,NULL
54069b2f33edb799f95af1c1f00783b6,0e047e6558f65de0e08af7369da36765,2019/6/4 23:59,2019/6/4 23:59,72,2019/6/4 23:59,NULL
ef39593a9c5cd4788a7da4e48191347a,0a90f6312cdc15c201b5ff73560939cc,2019/6/3 23:59,2019/6/3 23:59,48,2019/6/3 23:59,2019/6/2 23:59
d524983f1a3b6a223c6fde4e30470006,009d951f5ce13243bf46bf68b5929026,2019/6/3 23:59,2019/6/3 23:59,48,2019/6/3 23:59,2019/6/2 23:59
f9ea62622b84a2919d585501a0e74648,1462881be4b6176bb9164db5be744000,2019/6/2 23:59,2019/6/2 23:59,24,2019/6/2 23:59,NULL
686abdc13ba0efe635091439df9a84db,196fa68f733a17fda51b629d4ed1987e,2019/6/2 23:59,2019/6/2 23:59,24,2019/6/2 23:59,NULL
4c9f05943b7508dfbd8d856b12125f74,03b0399e7f00c22ad06d4a286d379d71,2019/6/4 23:59,2019/6/4 23:59,72,2019/6/4 23:59,NULL
e22f43ae665d27b21e6cba149f758253,140ff533017dd3e8196f01cc4e6caef5,2019/6/4 23:59,2019/6/4 23:59,72,2019/6/4 23:59,2019/6/2 23:59
225973238f485766e94e3927921d6bf5,165310f854812933b249c93c46eb1155,2019/6/2 23:59,2019/6/2 23:59,24,2019/6/2 23:59,2019/6/2 23:59
d0cf8abedb341b6f70fea4bbf82f80a3,1ac325dd8eab05332b32caf85a70be6d,2019/6/4 23:59,2019/6/4 23:59,72,2019/6/4 23:59,NULL
26c1d20589f26bbbebb972c959f5e344,02c1053dc8d7670f5a10ebb3cf8b9114,2019/6/3 23:59,2019/6/3 23:59,48,2019/6/3 23:59,2019/6/1 23:59
f2e95ca7c27e8f90b38e150fbe9152b8,04c3ed743ac0080461dd56d865e28d52,2019/6/4 23:59,2019/6/4 23:59,72,2019/6/4 23:59,2019/6/1 23:59
7245d6e0a6d6e62950eefe22ae2e64ab,05b8d99a54f6a91b2334dac4454e073c,2019/6/2 23:59,2019/6/2 23:59,24,2019/6/2 23:59,2019/6/2 23:59
7b8c580818125b7d03587b35daf8bcf4,07ad0ae6339db282ed48a0a8473af51b,2019/6/2 23:59,2019/6/2 23:59,24,2019/6/2 23:59,NULL
eaa2ebf5152dbb276b03dacc7e30fe50,06572285b286de22a928e140297facbf,2019/6/3 23:59,2019/6/3 23:59,48,2019/6/3 23:59,NULL
6e262fb2155df73469c0db5c5de485b0,0c570aef3cb4b5506728553da2e8ce8b,2019/6/2 23:59,2019/6/2 23:59,24,2019/6/2 23:59,NULL
134ad3b9ca8c74ba338f174f101f169b,0899049783f22983bbc7d40f07a98f81,2019/6/2 23:59,2019/6/2 23:59,24,2019/6/2 23:59,NULL
866d0d49f0d25ffb5becb9414070999c,181b6fdfd28ddad5dfc28e9958e7d992,2019/6/3 23:59,2019/6/3 23:59,48,2019/6/3 23:59,2019/6/2 23:59
c08640d8c835ab51b70b6757ac93ee3e,1383d7781a89fc7d8667c92c1f21042b,2019/6/2 23:59,2019/6/2 23:59,24,2019/6/2 23:59,2019/6/1 23:59
0db004c0ecfce1b5a93b629941976482,0c2a227829f9db1d2a660bf7ae0e4258,2019/6/5 23:59,2019/6/5 23:59,96,2019/6/5 23:59,NULL
d18bd72936d9d3fb5bef8cf22f7d3770,0cd889c1c676eaf407c750132584274a,2019/6/18 23:59,2019/6/18 23:59,408,2019/6/18 23:59,2019/6/8 23:59
d2ec2f6899612d5b4461b23be5db14c2,130db8d3742226af7ffa471e79929f3b,2019/6/2 23:59,2019/6/2 23:59,24,2019/6/2 23:59,NULL
408b2273b8ddb933c74c6733126f9108,152c77a61bf1b1a3fd6fceab3740ac3f,2019/6/2 23:59,2019/6/2 23:59,24,2019/6/2 23:59,NULL
485ab3ecce934776080716286a008b31,15a599d3b256c8863bd25887583d9ec4,2019/6/5 23:59,2019/6/5 23:59,96,2019/6/5 23:59,2019/6/3 23:59
54f46805c7275258748dc9baad17a6b6,1702ef949dc9f18263cc8e6e0f7d575a,2019/6/3 23:59,2019/6/3 23:59,48,2019/6/3 23:59,NULL
835dd7ea9d90af737fcac5bdb7f047f2,19b0fbd69b90a77c4ee36804626c077d,2019/6/3 23:59,2019/6/3 23:59,48,2019/6/3 23:59,2019/6/2 23:59
0e5d5fbfc06dc7ae0c7ebf6255f75f8c,058549f37dc8aa689575c645a3314b70,2019/6/3 23:59,2019/6/3 23:59,48,2019/6/3 23:59,2019/6/3 23:59
52d0b89c18bb44b9a544a5e6867de033,0ef0c4e1f1b93d5efbc740333ef4a2ba,2019/6/3 23:59,2019/6/3 23:59,48,2019/6/3 23:59,2019/6/3 23:59
96362f471fe25e06c00725dd1d7cd524,0a1556ca782dec7974d4534ea7bc1749,2019/6/2 23:59,2019/6/2 23:59,24,2019/6/2 23:59,NULL
60d261fda39524a753fe870948a343c4,12a58a3e550d02e6d8b878d424f6dec9,2019/6/3 23:59,2019/6/3 23:59,48,2019/6/3 23:59,2019/6/2 23:59
9bb1d572dbcb4033782306e19fb40cf8,140a4941f892aa65d5f4cd9643d5dfc3,2019/6/7 23:59,2019/6/7 23:59,144,2019/6/7 23:59,2019/6/4 23:59
dc0dcf9ff1d9dee239493fc518ede6cd,13f6602e8db7195d2ad59ccf8459d7ca,2019/6/3 23:59,2019/6/3 23:59,48,2019/6/3 23:59,NULL
df3426acfb2238f8bf4bf2dad8c78e2e,00e37cbb8299b5a75ddb29c53cca171a,2019/6/3 23:59,2019/6/3 23:59,48,2019/6/3 23:59,NULL
b49095fb3c398da597e6b9dd04d624d7,0a86eb404c444da0192e165022d6e7ab,2019/6/3 23:59,2019/6/3 23:59,48,2019/6/3 23:59,2019/6/2 23:59
8076cf9626b6738c96c97107413ba9c9,174d8f29963d3b12cad7a0c147fe6be1,2019/6/2 23:59,2019/6/2 23:59,24,2019/6/2 23:59,2019/6/1 23:59
bb4aaad277956b8c3e7bd2925a6e07df,1009c168efc86407c3f2f89b8c9e3cfe,2019/6/5 23:59,2019/6/5 23:59,96,2019/6/5 23:59,2019/6/3 23:59
d18ed9d7a5f5a972b1700b6a9f1a907e,0f06835462d9de3961596cd900325876,2019/6/3 23:59,2019/6/3 23:59,48,2019/6/3 23:59,2019/6/2 23:59
d532953905f9bd6705dd20e7b1f8260b,173177f017c8395099ddf3fe214c6fce,2019/6/2 23:59,2019/6/2 23:59,24,2019/6/2 23:59,NULL
d1d08649c73694aebc852d4f99a80771,0098f5bf3fc8c202cd8c7e8ea14b9fdf,2019/6/2 23:59,2019/6/2 23:59,24,2019/6/2 23:59,2019/6/1 23:59
99adb0dbed679fd80de99e2469df7f81,10f17f8b30617afa93ea5e83e687cfb5,2019/6/3 23:59,2019/6/3 23:59,48,2019/6/3 23:59,2019/6/9 23:59
93de97e28ffa31cf7032bd5d71ee410f,05fbc46b7748f0be3f315934abb18447,2019/6/2 23:59,2019/6/2 23:59,24,2019/6/2 23:59,NULL
ce18196cd3ff86f4a2dd15f261368bd0,089aa8cadaa9ed4b6fc7ca2968347220,2019/6/2 23:59,2019/6/2 23:59,24,2019/6/2 23:59,NULL
f18f0adc86d6652a3be73ca7608cc813,132949d3b5de83bf922da98bb37cd69c,2019/6/4 23:59,2019/6/4 23:59,72,2019/6/4 23:59,2019/6/3 23:59
14f0cb855d59dbb378b0797f6458617b,0de0435535b7d8bb4a889f37b8184239,2019/6/3 23:59,2019/6/3 23:59,48,2019/6/3 23:59,2019/6/2 23:59
aaf9f3d89fee4ae8e83ac73f85c54d34,020cac5a619c3929f54bc801907f04d4,2019/6/4 23:59,2019/6/4 23:59,72,2019/6/4 23:59,2019/6/3 23:59
1cc290e7f0a1f08a0e4ba74ecebf2649,00f7a60fd23c66e80b3bf30ff45a6651,2019/6/4 23:59,2019/6/4 23:59,72,2019/6/4 23:59,2019/6/3 23:59
72bff260517bc43613cd070be0a21f14,04734debe64ae054421573543f08c078,2019/6/4 23:59,2019/6/4 23:59,72,2019/6/4 23:59,2019/6/3 23:59
6906ab0eedab98aec585605c1b01aaea,09b6e48f67ccccbe733347b5d3a493c6,2019/6/3 23:59,2019/6/3 23:59,48,2019/6/3 23:59,NULL
a0105a8e6a33b68e56a958d19077a30b,14d0d23c92a4dd4a670afbe5e2f47ae9,2019/6/4 23:59,2019/6/4 23:59,72,2019/6/4 23:59,2019/6/3 23:59
4feb97ba1da4d295628896da1ac5182c,12f95e2ad85a6b19dc6ad264ae5def95,2019/6/2 23:59,2019/6/2 23:59,24,2019/6/2 23:59,2019/6/2 23:59
3ebb5e4d9d82d6b2a1e6fff4336d67d1,1128aba19d3e159449282fa9205cdab9,2019/6/2 23:59,2019/6/2 23:59,24,2019/6/2 23:59,2019/6/2 23:59
d1682d96b98bbc91e50a57e73a18f28e,0885e23ade86ca5943563d772a1c6d47,2019/6/3 23:59,2019/6/3 23:59,48,2019/6/3 23:59,NULL
352a9ae625288989217c74334bf47ec7,0bc47ec3ca4e5e97ce2f1ef15884bed5,2019/6/2 23:59,2019/6/2 23:59,24,2019/6/2 23:59,2019/6/2 23:59
5d1902cc8452c6bb054891e878a8580e,0285fa9749f9683907dcce07074de9dc,2019/6/4 23:59,2019/6/4 23:59,72,2019/6/4 23:59,2019/6/3 23:59
52c05f04854a5f134d6c0f717982ec3e,196696358a91b9d5987bfcfe10bc9b51,2019/6/3 23:59,2019/6/3 23:59,48,2019/6/3 23:59,NULL
ecb85e342649297562ee3480a6b796d6,17a8db7d9cd9fd5ca6f099f25ad644b5,2019/6/2 23:59,2019/6/2 23:59,24,2019/6/2 23:59,2019/6/1 23:59
78eb90db1a0a7d56d90767607681d54e,08956a9dc86da8c8c7294caa33dc34b6,2019/6/2 23:59,2019/6/2 23:59,24,2019/6/2 23:59,2019/6/3 23:59
13ad17fe7c2f8aed2db31eeb5bfb8dd4,025476cc6a9b255d27ffc7160f32ee94,2019/6/2 23:59,2019/6/2 23:59,24,2019/6/2 23:59,2019/6/1 23:59
cd10bee68e9f8791a4194589c20b4af2,1213c1b5691f5c24f501e1c89343f80e,2019/6/3 23:59,2019/6/3 23:59,48,2019/6/3 23:59,2019/6/3 23:59
f812af2e789bd2974151e1ee811410a4,057c94e3ea383c23de935f294792f36e,2019/6/3 23:59,2019/6/3 23:59,48,2019/6/3 23:59,2019/6/2 23:59
ed6df819ddfdca8944b068944bd83de4,02e2968fe98157b96378c936ad2778a7,2019/6/2 23:59,2019/6/2 23:59,24,2019/6/2 23:59,NULL
cd71b7ba71df8484059fb7f1fed508f0,10694fbfa62337eb14cfa65a049ab46c,2019/6/5 23:59,2019/6/5 23:59,96,2019/6/5 23:59,2019/6/4 23:59
0f4861ed01798fb9f26691ce32232b8c,1b08e65ba1964b24e3dd88fa49f7ca8b,2019/6/2 23:59,2019/6/2 23:59,24,2019/6/2 23:59,NULL
4a348f9e8e40b15da6ecd0c6f2134b93,0eef5cf2dbaa0d9a0fecc2217ba557e9,2019/6/3 23:59,2019/6/3 23:59,48,2019/6/3 23:59,2019/6/2 23:59
576741c6fc08e5c89da3aeab003c31f4,0dde4ae47b08c0294d2d0a1d895285d6,2019/6/2 23:59,2019/6/2 23:59,24,2019/6/2 23:59,NULL
502a39f0e240f080cd6b59d2a5d2ed6e,0d36f56b766e7b234069e5793e920045,2019/6/4 23:59,2019/6/4 23:59,72,2019/6/4 23:59,2019/6/2 23:59
a0c2615bba64f3d0413753fed73a2789,122b90e0ea3ae4615f3408d18d217b86,2019/6/4 23:59,2019/6/4 23:59,72,2019/6/4 23:59,NULL
a40e57c31720555e14242ce1cd2bde1a,0dfb5bf826999ebe4ed9e3c70c3313cd,2019/6/4 23:59,2019/6/4 23:59,72,2019/6/4 23:59,2019/6/3 23:59
f22968b9fbc93a1dc9ca74950053ec52,0ba246b4c83055c64d81cc4fd3ec2404,2019/6/3 23:59,2019/6/3 23:59,48,2019/6/3 23:59,2019/6/3 23:59
cb0d53ffd2b7791f68db0d85e532205f,0b5d2aaaf22a7c62e1da8ce8a0c8ce72,2019/6/3 23:59,2019/6/3 23:59,48,2019/6/3 23:59,2019/6/2 23:59
c0bd2368913c111945bade8a0e6479fd,1025f1407ff63422a74d31d82babf88e,2019/6/2 23:59,2019/6/2 23:59,24,2019/6/2 23:59,2019/6/2 23:59
e76847f738896aca513b131d4fa55da8,09adfe43cad5f457ece942b90f45da83,2019/6/4 23:59,2019/6/4 23:59,72,2019/6/4 23:59,2019/6/4 23:59
6f7bf138d0d48aa82335849e7d716192,17aafd7c869bbaee0ae2a606c2dc0283,2019/6/3 23:59,2019/6/3 23:59,48,2019/6/3 23:59,NULL
0e0d7f5c6e5cdcbebd23a506dd592c9d,1062e3d1d470720db6993845e8ebda90,2019/6/3 23:59,2019/6/3 23:59,48,2019/6/3 23:59,NULL
58960fb1d4c777b47aac9651c9c23c11,0506ad691dc995d7124db7a77b1a4d17,2019/6/3 23:59,2019/6/3 23:59,48,2019/6/3 23:59,2019/6/1 23:59
1d19c47f2d8ee511b9ecac991a5c4eff,12e734983d71febc62ac6ff41484d2f8,2019/6/2 23:59,2019/6/2 23:59,24,2019/6/2 23:59,2019/6/1 23:59
04f392c19291a25113bddb16b48c7c98,0feefa7d4a1ba3843abb01418a0ee91f,2019/6/2 23:59,2019/6/2 23:59,24,2019/6/2 23:59,2019/6/2 23:59
642e9ccd71881bd6b9f2fbb7c8e9665e,038d329b49e3587bcb98b998da1c7f7e,2019/6/3 23:59,2019/6/3 23:59,48,2019/6/3 23:59,2019/6/2 23:59
3fe50e8fe8156bc3f4ad7d73306adad9,09ab050b9405da65af68057598a8600b,2019/6/3 23:59,2019/6/3 23:59,48,2019/6/3 23:59,NULL
59b9828c76836a589c74e91c1650c2bb,16a970d891bf22758e709e05a49e95b8,2019/6/2 23:59,2019/6/2 23:59,24,2019/6/2 23:59,NULL
01f4881e4a95f0883a376e6505533f6b,0f21530ac46328cdaee00fa027b51cb3,2019/6/2 23:59,2019/6/2 23:59,24,2019/6/2 23:59,NULL
f4159f144637682df321090d4692164d,0b31174792604a22a54971a16f80bdda,2019/6/4 23:59,2019/6/4 23:59,72,2019/6/4 23:59,2019/6/4 23:59
6f111e778266ded8a58e00ce377ef29a,175bb5002bce1b64c00459af9ed135c0,2019/6/2 23:59,2019/6/2 23:59,24,2019/6/2 23:59,2019/6/1 23:59
f92441ff3930b6077134195a41a38251,0343de40441006d93b86d0fc8007a565,2019/6/4 23:59,2019/6/4 23:59,72,2019/6/4 23:59,2019/6/3 23:59
6b63040737904cb295d5be79f2c96c08,0523c6b24fdc84a956e30be42062da0f,2019/6/2 23:59,2019/6/2 23:59,24,2019/6/2 23:59,2019/6/2 23:59
ed68e8868dec810646a3f115255eef00,1003983fbf065cbe42e2626d61f807b0,2019/6/2 23:59,2019/6/2 23:59,12,2019/6/1 23:59,2019/6/15 23:59
eae30e4b094fc6e84d7840d826e805b2,13d6aeecee2b667f266949be6c295b08,2019/6/4 23:59,2019/6/4 23:59,72,2019/6/4 23:59,NULL
727095f9dca1deddb84ad24a32d2dc30,043df8fe6ad2b10a23964cb1a87a7bce,2019/6/2 23:59,2019/6/2 23:59,24,2019/6/2 23:59,NULL
97db47b14f9ce7f21c236201502ab51c,0a89c14207661d8bc8febeab4aca2faa,2019/6/4 23:59,2019/6/4 23:59,72,2019/6/4 23:59,2019/6/3 23:59
47c63577d58a977a6551aaea54a9fae1,079f88c9a1a5c091f1bb93c00d518e69,2019/6/4 23:59,2019/6/4 23:59,72,2019/6/4 23:59,2019/6/3 23:59
2bc1284c1ed301545ed84cde818bbdbc,0eb0ddd67b3613c51c08b6cdedb9bf3d,2019/6/2 23:59,2019/6/2 23:59,24,2019/6/2 23:59,NULL
cc9de601763e5f1aacb3d0cc4a2f1685,10de7327f6d754c2745e4700da4e7a8d,2019/6/2 23:59,2019/6/2 23:59,24,2019/6/2 23:59,2019/6/13 23:59
486175ce6bf7c69a98fa20c05e835d21,18177b6b892b100cf83f0d092b690f8d,2019/6/2 23:59,2019/6/2 23:59,24,2019/6/2 23:59,2019/6/16 23:59
2a98d6192337bb034d4f75b670251e1e,1040f7f7766e9330fa35c2308c3a52dc,2019/6/2 23:59,2019/6/2 23:59,24,2019/6/2 23:59,2019/6/5 23:59
380aeb7cd4c9e7f44abeccfad08d5bde,0aea4de1b6a6f330d1887d5bd6fd318c,2019/6/3 23:59,2019/6/3 23:59,48,2019/6/3 23:59,2019/6/2 23:59
23a13270e240b155a0370ea943613c06,0e3b96cbcdcf728ad6eb726ee19311aa,2019/6/4 23:59,2019/6/4 23:59,72,2019/6/4 23:59,2019/6/3 23:59
54e5ca61f4721c527b3d62811d00f601,18e15af6aa742c0cde9a7762711505cd,2019/6/2 23:59,2019/6/2 23:59,24,2019/6/2 23:59,NULL
5ea4dbe2add01cf754c8747581810327,15cc8c3a2971279a99a69f463da8a3b9,2019/6/2 23:59,2019/6/2 23:59,24,2019/6/2 23:59,NULL
d8337d7cb90205405a94c53b51b69104,0866e10eca07907316b5d4116a1f452a,2019/6/3 23:59,2019/6/3 23:59,48,2019/6/3 23:59,NULL
8b8191fb935f228f6ec4e530b3dd50c9,108c8b625e13a122ca328298014cea6a,2019/6/2 23:59,2019/6/2 23:59,24,2019/6/2 23:59,NULL
4becb5373b92b0737fbb0834daa781a3,15d5a5492ca17fc10f46c894cd62c032,2019/6/2 23:59,2019/6/2 23:59,24,2019/6/2 23:59,NULL
bccaf28fc1e521c4bb19fb1516ffd41b,134cfc6db650fac2dcacf60f0a47f65c,2019/6/3 23:59,2019/6/3 23:59,48,2019/6/3 23:59,NULL
c6653d70077a2ad3cf77dd405dfc989d,05114c6a1b9519363342e52ee714cb31,2019/6/2 23:59,2019/6/2 23:59,24,2019/6/2 23:59,NULL
1eb7fd306633e28dcef7ac77bba69844,08b1bc64b9265c094aee2d66c5a83e7c,2019/6/4 23:59,2019/6/4 23:59,72,2019/6/4 23:59,2019/6/4 23:59
1c67feaa38d112c6d1a9ad2914e0d8fa,0f19fdc04b21050d928bd67416a4965c,2019/6/3 23:59,2019/6/3 23:59,48,2019/6/3 23:59,NULL
577df274af5b2112fc02e5647bdc67a7,1657e190596c81cb63f0e2e2c5b6f59b,2019/6/4 23:59,2019/6/4 23:59,72,2019/6/4 23:59,2019/6/4 23:59
bd03bbbf4f5271f64437f27375a76f7c,080892d54902a0b38eaaba4930707898,2019/6/3 23:59,2019/6/3 23:59,48,2019/6/3 23:59,2019/6/3 23:59
e7eebb7c181bb37cd5a5838da96d7b6e,1a0319f40eefabe1491a4e1eeab522be,2019/6/3 23:59,2019/6/3 23:59,48,2019/6/3 23:59,2019/6/3 23:59
5782785475c1f2172330bc342396e8fa,0708194e967762bb1cd87a8680bdc9cd,2019/6/3 23:59,2019/6/3 23:59,48,2019/6/3 23:59,NULL
ecebbc197ec78d79ae63cef0200e0e2c,0bfc68e38aa9fefefb948287a84994da,2019/6/3 23:59,2019/6/3 23:59,48,2019/6/3 23:59,2019/6/4 23:59
50b82ce52241ffefc5bcea44815579f9,09a02cf038e66e1862d31500d0af7c00,2019/6/3 23:59,2019/6/3 23:59,48,2019/6/3 23:59,2019/6/3 23:59
fd07c0f15ed81a957d0a6baa5d981cbc,1a322b28254eb37044a358cce5e505c2,2019/6/4 23:59,2019/6/4 23:59,72,2019/6/4 23:59,NULL
5ffb218896960866b9f03fa3714f1967,10d6e6548100d2a08d6136fe4fff4337,2019/6/3 23:59,2019/6/3 23:59,48,2019/6/3 23:59,NULL
16bca4a7c48e0e39c68f9ebcd959abe8,1adf8aa5ab97b6be37c51cadacc2aff3,2019/6/3 23:59,2019/6/3 23:59,48,2019/6/3 23:59,2019/6/2 23:59
9bdcb12ea0909341fcc828126e779816,0b453969e69ae775b0fad8f492d0e239,2019/6/3 23:59,2019/6/3 23:59,48,2019/6/3 23:59,2019/6/1 23:59
2e2efe5395aa26c1ffbf24d457e3d510,110d909f527e0f664b65dcc54ca73e3a,2019/6/2 23:59,2019/6/2 23:59,24,2019/6/2 23:59,NULL
01b9b59c9362c2ac9e8ce809c77ab0a3,12817b7776e5e4f5fc89d25ea748b239,2019/6/3 23:59,2019/6/3 23:59,48,2019/6/3 23:59,NULL
74accecf2f713061093b36226bb903fa,14718b9a46498932043d10aab778e0b3,2019/6/3 23:59,2019/6/3 23:59,48,2019/6/3 23:59,NULL
eb0ae27cd32a0ab3cef0209acccb9cfc,0f882f34f13ffc923c585647d22e59e3,2019/6/2 23:59,2019/6/2 23:59,24,2019/6/2 23:59,2019/6/2 23:59
0d4430f4f0376976f4f0d7181da242df,0481ef6a6e9321c8fc9e567b27e2d3ac,2019/6/2 23:59,2019/6/2 23:59,24,2019/6/2 23:59,2019/6/2 23:59
2122883904d801d3ab8e8ae90fdcadb3,15e1dc1fb4c6b1bf25d6c65647b6d6cd,2019/6/4 23:59,2019/6/4 23:59,72,2019/6/4 23:59,2019/6/3 23:59
be25e9fc404d183714c4126ad1356f84,198975c582f70fb0fce2deae40e6517d,2019/6/2 23:59,2019/6/2 23:59,24,2019/6/2 23:59,2019/6/2 23:59
c15a37f3c86df54d1791caab18dfbe24,0487d5ce1b7c16301796515c58d2f1aa,2019/6/2 23:59,2019/6/2 23:59,24,2019/6/2 23:59,2019/6/2 23:59
fd28b4fb4610726a164856699c07233a,010067598d46a6bd9242f9ad3a3d169c,2019/6/2 23:59,2019/6/2 23:59,24,2019/6/2 23:59,2019/6/1 23:59
3b9e191a0cf0fa235238c5383ba5052e,1561e29a87e5a88d1e94d2ff391c8f44,2019/6/2 23:59,2019/6/2 23:59,24,2019/6/2 23:59,NULL
153afd68d45e64bfcec3fbe072fb8314,06d28802b9203c05ce0e13da291704f7,2019/6/4 23:59,2019/6/4 23:59,72,2019/6/4 23:59,NULL
5347c44fb95454a460a8565d07c7e86b,023147ce1569a7621f301c2d62471a64,2019/6/2 23:59,2019/6/2 23:59,24,2019/6/2 23:59,2019/6/2 23:59
1a34a6bba5ae582f18891c14f66d6cd8,00bc15ff295457dcf9a6d7ac4efd6e11,2019/6/2 23:59,2019/6/2 23:59,24,2019/6/2 23:59,2019/6/2 23:59
c2a3b6434ea53fd74d54cfda3a453732,17f4379a195807296a8445b2977b1bf1,2019/6/2 23:59,2019/6/2 23:59,24,2019/6/2 23:59,2019/6/2 23:59
d3763edd767a7a5b33e513ea06bf4d63,0be9b3f5767ac939439ef7bdece7c2e6,2019/6/2 23:59,2019/6/2 23:59,24,2019/6/2 23:59,2019/6/1 23:59
a72a934c343b5c90a4c96d46a19aff0a,15f0bbad08f35f5d3bb3cc46b9b8741c,2019/6/3 23:59,2019/6/3 23:59,48,2019/6/3 23:59,2019/6/2 23:59
513400b5dc8a28709ef7eedc686b1507,0d40669c531c3cb26f05e8b6fe2b97f4,2019/6/2 23:59,2019/6/2 23:59,24,2019/6/2 23:59,NULL
6eb7df8e0efa052b76f2998fc4f1b26b,160582495c5148bb39cd90551f8d4ce0,2019/6/3 23:59,2019/6/3 23:59,48,2019/6/3 23:59,NULL
8646bad33d7a8e251ec632d9adb0c350,136039e47a675ec2a2c090c61ee5be29,2019/6/2 23:59,2019/6/2 23:59,24,2019/6/2 23:59,NULL
d14d797839522f0436dc31a4579ad2bf,03cfef15829db2bb2ce3132646cfdf18,2019/6/2 23:59,2019/6/2 23:59,24,2019/6/2 23:59,NULL
6012db8c46570c80a4845cc2ca7ec211,17b1b3149662be9894875c9c22a6f6f9,2019/6/2 23:59,2019/6/2 23:59,24,2019/6/2 23:59,NULL
5721de0bd661cea0ee5c79c5cc1b339d,11de142fe6085fdecf154b6acf6891fe,2019/6/3 23:59,2019/6/3 23:59,48,2019/6/3 23:59,2019/6/2 23:59
d0cf59d4226898f9bb7088949d3db226,0a76cd3abd9e937f6e94ba2a0a46d93e,2019/6/3 23:59,2019/6/3 23:59,48,2019/6/3 23:59,2019/6/2 23:59
67b2608cd256ba0a20b8d2122df51094,17eb1f381662cb56d97680de8e477efc,2019/6/5 23:59,2019/6/5 23:59,96,2019/6/5 23:59,2019/6/4 23:59
3935eb4fa6c6584161d803cd06fb5250,0320b6df20ea005088ea93436b57784e,2019/6/3 23:59,2019/6/3 23:59,48,2019/6/3 23:59,2019/6/3 23:59
070aa9c8d8afa5970266969eea7a8099,1ab279e8c5017923511e853a8b92bba3,2019/6/3 23:59,2019/6/3 23:59,48,2019/6/3 23:59,NULL
